<?xml version="1.0" encoding="UTF-8"?>
<GenRun Id="impl_1" LaunchPart="xc7a100tcsg324-1" LaunchTime="1476134516">
  <File Type="RUN-CONSTRS" Name="$PDATADIR/runs/impl_1/constrs_in.xml"/>
  <File Type="RUN-SRCS" Name="$PDATADIR/runs/impl_1/sources.xml"/>
  <File Type="RUN-STRAT" Name="$PDATADIR/runs/impl_1/impl_1.psg"/>
  <File Type="PA-TCL" Name="FPU_UART.tcl"/>
  <File Type="POSTROUTE-PHYSOPT-TIMING-PB" Name="FPU_UART_timing_summary_postroute_physopted.pb"/>
  <File Type="INIT-TIMING" Name="FPU_UART_timing_summary_init.rpt"/>
  <File Type="OPT-DCP" Name="FPU_UART_opt.dcp"/>
  <File Type="OPT-DRC" Name="FPU_UART_drc_opted.rpt"/>
  <File Type="OPT-HWDEF" Name="FPU_UART.hwdef"/>
  <File Type="OPT-TIMING" Name="FPU_UART_timing_summary_opted.rpt"/>
  <File Type="PWROPT-DCP" Name="FPU_UART_pwropt.dcp"/>
  <File Type="PWROPT-DRC" Name="FPU_UART_drc_pwropted.rpt"/>
  <File Type="PWROPT-TIMING" Name="FPU_UART_timing_summary_pwropted.rpt"/>
  <File Type="PLACE-DCP" Name="FPU_UART_placed.dcp"/>
  <File Type="PLACE-IO" Name="FPU_UART_io_placed.rpt"/>
  <File Type="PLACE-CLK" Name="FPU_UART_clock_utilization_placed.rpt"/>
  <File Type="PLACE-UTIL" Name="FPU_UART_utilization_placed.rpt"/>
  <File Type="PLACE-UTIL-PB" Name="FPU_UART_utilization_placed.pb"/>
  <File Type="POSTROUTE-PHYSOPT-TIMING" Name="FPU_UART_timing_summary_postroute_physopted.rpt"/>
  <File Type="BG-BIT" Name="FPU_UART.bit"/>
  <File Type="ROUTE-TIMING-RPX" Name="FPU_UART_timing_summary_routed.rpx"/>
  <File Type="BG-BIN" Name="FPU_UART.bin"/>
  <File Type="BITSTR-MSK" Name="FPU_UART.msk"/>
  <File Type="ROUTE-CLK" Name="FPU_UART_clock_utilization_routed.rpt"/>
  <File Type="BG-BGN" Name="FPU_UART.bgn"/>
  <File Type="BITSTR-RBT" Name="FPU_UART.rbt"/>
  <File Type="BITSTR-NKY" Name="FPU_UART.nky"/>
  <File Type="POSTPLACE-PWROPT-DCP" Name="FPU_UART_postplace_pwropt.dcp"/>
  <File Type="BITSTR-BMM" Name="FPU_UART_bd.bmm"/>
  <File Type="POSTROUTE-PHYSOPT-TIMING-RPX" Name="FPU_UART_timing_summary_postroute_physopted.rpx"/>
  <File Type="WBT-USG" Name="usage_statistics_webtalk.html"/>
  <File Type="RDI-RDI" Name="FPU_UART.vdi"/>
  <File Type="PHYSOPT-TIMING" Name="FPU_UART_timing_summary_physopted.rpt"/>
  <File Type="POSTROUTE-PHYSOPT-DCP" Name="FPU_UART_postroute_physopt.dcp"/>
  <File Type="BG-DRC" Name="FPU_UART.drc"/>
  <File Type="ROUTE-SIMILARITY" Name="FPU_UART_incremental_reuse_routed.rpt"/>
  <File Type="BITSTR-MMI" Name="FPU_UART.mmi"/>
  <File Type="PHYSOPT-DCP" Name="FPU_UART_physopt.dcp"/>
  <File Type="BITSTR-SYSDEF" Name="FPU_UART.sysdef"/>
  <File Type="PHYSOPT-DRC" Name="FPU_UART_drc_physopted.rpt"/>
  <File Type="ROUTE-TIMING-PB" Name="FPU_UART_timing_summary_routed.pb"/>
  <File Type="ROUTE-TIMINGSUMMARY" Name="FPU_UART_timing_summary_routed.rpt"/>
  <File Type="ROUTE-STATUS-PB" Name="FPU_UART_route_status.pb"/>
  <File Type="ROUTE-STATUS" Name="FPU_UART_route_status.rpt"/>
  <File Type="ROUTE-PWR-SUM" Name="FPU_UART_power_summary_routed.pb"/>
  <File Type="ROUTE-PWR" Name="FPU_UART_power_routed.rpt"/>
  <File Type="ROUTE-DRC-PB" Name="FPU_UART_drc_routed.pb"/>
  <File Type="ROUTE-DRC" Name="FPU_UART_drc_routed.rpt"/>
  <File Type="ROUTE-DCP" Name="FPU_UART_routed.dcp"/>
  <File Type="POSTPLACE-PWROPT-TIMING" Name="FPU_UART_timing_summary_postplace_pwropted.rpt"/>
  <File Type="PLACE-TIMING" Name="FPU_UART_timing_summary_placed.rpt"/>
  <File Type="PLACE-PRE-SIMILARITY" Name="FPU_UART_incremental_reuse_pre_placed.rpt"/>
  <File Type="PLACE-SIMILARITY" Name="FPU_UART_incremental_reuse_placed.rpt"/>
  <File Type="PLACE-CTRL" Name="FPU_UART_control_sets_placed.rpt"/>
  <FileSet Name="sources" Type="DesignSrcs" RelSrcDir="$PSRCDIR/sources_1">
    <Filter Type="Srcs"/>
    <File Path="$PSRCDIR/sources_1/imports/new/Multiplexer_AC.v">
      <FileInfo>
        <Attr Name="ImportPath" Val="$PPRDIR/../../../../Desktop/PRUEBA DESNORM DESLINEALIZAC/PRUEBA DESNORM DESLINEALIZAC.srcs/sources_1/imports/PG UBUNTU/Prueba DESLINEALIZAC/Prueba DESLINEALIZAC.srcs/sources_1/imports/new/Multiplexer_AC.v"/>
        <Attr Name="ImportTime" Val="1476056350"/>
        <Attr Name="UsedIn" Val="synthesis"/>
        <Attr Name="UsedIn" Val="implementation"/>
        <Attr Name="UsedIn" Val="simulation"/>
      </FileInfo>
    </File>
    <File Path="$PSRCDIR/sources_1/imports/new/shift_mux.v">
      <FileInfo>
        <Attr Name="ImportPath" Val="$PPRDIR/../../../../Desktop/PRUEBA DESNORM DESLINEALIZAC/PRUEBA DESNORM DESLINEALIZAC.srcs/sources_1/imports/PG UBUNTU/Prueba DESLINEALIZAC/Prueba DESLINEALIZAC.srcs/sources_1/imports/new/shift_mux.v"/>
        <Attr Name="ImportTime" Val="1476056350"/>
        <Attr Name="UsedIn" Val="synthesis"/>
        <Attr Name="UsedIn" Val="implementation"/>
        <Attr Name="UsedIn" Val="simulation"/>
      </FileInfo>
    </File>
    <File Path="$PSRCDIR/sources_1/imports/new/Rotate_Mux_Array.v">
      <FileInfo>
        <Attr Name="ImportPath" Val="$PPRDIR/../../../../Desktop/PRUEBA DESNORM DESLINEALIZAC/PRUEBA DESNORM DESLINEALIZAC.srcs/sources_1/imports/PG UBUNTU/Prueba DESLINEALIZAC/Prueba DESLINEALIZAC.srcs/sources_1/imports/new/Rotate_Mux_Array.v"/>
        <Attr Name="ImportTime" Val="1476056350"/>
        <Attr Name="UsedIn" Val="synthesis"/>
        <Attr Name="UsedIn" Val="implementation"/>
        <Attr Name="UsedIn" Val="simulation"/>
      </FileInfo>
    </File>
    <File Path="$PSRCDIR/sources_1/imports/new/RegisterAdd.v">
      <FileInfo>
        <Attr Name="ImportPath" Val="$PPRDIR/../../../../Desktop/PRUEBA DESNORM DESLINEALIZAC/PRUEBA DESNORM DESLINEALIZAC.srcs/sources_1/imports/PG UBUNTU/Prueba DESLINEALIZAC/Prueba DESLINEALIZAC.srcs/sources_1/imports/new/RegisterAdd.v"/>
        <Attr Name="ImportTime" Val="1476056350"/>
        <Attr Name="UsedIn" Val="synthesis"/>
        <Attr Name="UsedIn" Val="implementation"/>
        <Attr Name="UsedIn" Val="simulation"/>
      </FileInfo>
    </File>
    <File Path="$PSRCDIR/sources_1/imports/Add-Subt/Comparator_Less.v">
      <FileInfo>
        <Attr Name="ImportPath" Val="$PPRDIR/../../../../Desktop/PRUEBA DESNORM DESLINEALIZAC/PRUEBA DESNORM DESLINEALIZAC.srcs/sources_1/imports/PG UBUNTU/Prueba DESLINEALIZAC/Prueba DESLINEALIZAC.srcs/sources_1/imports/Add-Subt/Comparator_Less.v"/>
        <Attr Name="ImportTime" Val="1476056350"/>
        <Attr Name="UsedIn" Val="synthesis"/>
        <Attr Name="UsedIn" Val="implementation"/>
        <Attr Name="UsedIn" Val="simulation"/>
      </FileInfo>
    </File>
    <File Path="$PSRCDIR/sources_1/imports/Add-Subt/Greater_Comparator.v">
      <FileInfo>
        <Attr Name="ImportPath" Val="$PPRDIR/../../../../Desktop/PRUEBA DESNORM DESLINEALIZAC/PRUEBA DESNORM DESLINEALIZAC.srcs/sources_1/imports/PG UBUNTU/Prueba DESLINEALIZAC/Prueba DESLINEALIZAC.srcs/sources_1/imports/Add-Subt/Greater_Comparator.v"/>
        <Attr Name="ImportTime" Val="1476056350"/>
        <Attr Name="UsedIn" Val="synthesis"/>
        <Attr Name="UsedIn" Val="implementation"/>
        <Attr Name="UsedIn" Val="simulation"/>
      </FileInfo>
    </File>
    <File Path="$PSRCDIR/sources_1/imports/new/Mux_Array.v">
      <FileInfo>
        <Attr Name="ImportPath" Val="$PPRDIR/../../../../Desktop/PRUEBA DESNORM DESLINEALIZAC/PRUEBA DESNORM DESLINEALIZAC.srcs/sources_1/imports/PG UBUNTU/Prueba DESLINEALIZAC/Prueba DESLINEALIZAC.srcs/sources_1/imports/new/Mux_Array.v"/>
        <Attr Name="ImportTime" Val="1476056350"/>
        <Attr Name="UsedIn" Val="synthesis"/>
        <Attr Name="UsedIn" Val="implementation"/>
        <Attr Name="UsedIn" Val="simulation"/>
      </FileInfo>
    </File>
    <File Path="$PSRCDIR/sources_1/imports/Add-Subt/add_sub_carry_out.v">
      <FileInfo>
        <Attr Name="ImportPath" Val="$PPRDIR/../../../../Desktop/PRUEBA DESNORM DESLINEALIZAC/PRUEBA DESNORM DESLINEALIZAC.srcs/sources_1/imports/PG UBUNTU/Prueba DESLINEALIZAC/Prueba DESLINEALIZAC.srcs/sources_1/imports/Add-Subt/add_sub_carry_out.v"/>
        <Attr Name="ImportTime" Val="1476056350"/>
        <Attr Name="UsedIn" Val="synthesis"/>
        <Attr Name="UsedIn" Val="implementation"/>
        <Attr Name="UsedIn" Val="simulation"/>
      </FileInfo>
    </File>
    <File Path="$PSRCDIR/sources_1/imports/Add-Subt/xor_tri.v">
      <FileInfo>
        <Attr Name="ImportPath" Val="$PPRDIR/../../../../Desktop/PRUEBA DESNORM DESLINEALIZAC/PRUEBA DESNORM DESLINEALIZAC.srcs/sources_1/imports/PG UBUNTU/Prueba DESLINEALIZAC/Prueba DESLINEALIZAC.srcs/sources_1/imports/Add-Subt/xor_tri.v"/>
        <Attr Name="ImportTime" Val="1476056350"/>
        <Attr Name="UsedIn" Val="synthesis"/>
        <Attr Name="UsedIn" Val="implementation"/>
        <Attr Name="UsedIn" Val="simulation"/>
      </FileInfo>
    </File>
    <File Path="$PSRCDIR/sources_1/imports/Add-Subt/Comparators.v">
      <FileInfo>
        <Attr Name="ImportPath" Val="$PPRDIR/../../../../Desktop/PRUEBA DESNORM DESLINEALIZAC/PRUEBA DESNORM DESLINEALIZAC.srcs/sources_1/imports/PG UBUNTU/Prueba DESLINEALIZAC/Prueba DESLINEALIZAC.srcs/sources_1/imports/Add-Subt/Comparators.v"/>
        <Attr Name="ImportTime" Val="1476056350"/>
        <Attr Name="UsedIn" Val="synthesis"/>
        <Attr Name="UsedIn" Val="implementation"/>
        <Attr Name="UsedIn" Val="simulation"/>
      </FileInfo>
    </File>
    <File Path="$PSRCDIR/sources_1/imports/Add-Subt/Priority_Codec_32.v">
      <FileInfo>
        <Attr Name="ImportPath" Val="$PPRDIR/../../../../Desktop/PRUEBA DESNORM DESLINEALIZAC/PRUEBA DESNORM DESLINEALIZAC.srcs/sources_1/imports/PG UBUNTU/Prueba DESLINEALIZAC/Prueba DESLINEALIZAC.srcs/sources_1/imports/Add-Subt/Priority_Codec_32.v"/>
        <Attr Name="ImportTime" Val="1476056350"/>
        <Attr Name="UsedIn" Val="synthesis"/>
        <Attr Name="UsedIn" Val="implementation"/>
        <Attr Name="UsedIn" Val="simulation"/>
      </FileInfo>
    </File>
    <File Path="$PSRCDIR/sources_1/imports/Add-Subt/Priority_Codec_64.v">
      <FileInfo>
        <Attr Name="ImportPath" Val="$PPRDIR/../../../../Desktop/PRUEBA DESNORM DESLINEALIZAC/PRUEBA DESNORM DESLINEALIZAC.srcs/sources_1/imports/PG UBUNTU/Prueba DESLINEALIZAC/Prueba DESLINEALIZAC.srcs/sources_1/imports/Add-Subt/Priority_Codec_64.v"/>
        <Attr Name="ImportTime" Val="1476056350"/>
        <Attr Name="UsedIn" Val="synthesis"/>
        <Attr Name="UsedIn" Val="implementation"/>
        <Attr Name="UsedIn" Val="simulation"/>
      </FileInfo>
    </File>
    <File Path="$PSRCDIR/sources_1/imports/Add-Subt/sgn_result.v">
      <FileInfo>
        <Attr Name="ImportPath" Val="$PPRDIR/../../../../Desktop/PRUEBA DESNORM DESLINEALIZAC/PRUEBA DESNORM DESLINEALIZAC.srcs/sources_1/imports/PG UBUNTU/Prueba DESLINEALIZAC/Prueba DESLINEALIZAC.srcs/sources_1/imports/Add-Subt/sgn_result.v"/>
        <Attr Name="ImportTime" Val="1476056350"/>
        <Attr Name="UsedIn" Val="synthesis"/>
        <Attr Name="UsedIn" Val="implementation"/>
        <Attr Name="UsedIn" Val="simulation"/>
      </FileInfo>
    </File>
    <File Path="$PSRCDIR/sources_1/imports/Add-Subt/Comparator.v">
      <FileInfo>
        <Attr Name="ImportPath" Val="$PPRDIR/../../../../Desktop/PRUEBA DESNORM DESLINEALIZAC/PRUEBA DESNORM DESLINEALIZAC.srcs/sources_1/imports/PG UBUNTU/Prueba DESLINEALIZAC/Prueba DESLINEALIZAC.srcs/sources_1/imports/Add-Subt/Comparator.v"/>
        <Attr Name="ImportTime" Val="1476056350"/>
        <Attr Name="UsedIn" Val="synthesis"/>
        <Attr Name="UsedIn" Val="implementation"/>
        <Attr Name="UsedIn" Val="simulation"/>
      </FileInfo>
    </File>
    <File Path="$PSRCDIR/sources_1/imports/Add-Subt/Mux_3x1.v">
      <FileInfo>
        <Attr Name="ImportPath" Val="$PPRDIR/../../../../Desktop/PRUEBA DESNORM DESLINEALIZAC/PRUEBA DESNORM DESLINEALIZAC.srcs/sources_1/imports/PG UBUNTU/Prueba DESLINEALIZAC/Prueba DESLINEALIZAC.srcs/sources_1/imports/Add-Subt/Mux_3x1.v"/>
        <Attr Name="ImportTime" Val="1476056350"/>
        <Attr Name="UsedIn" Val="synthesis"/>
        <Attr Name="UsedIn" Val="implementation"/>
        <Attr Name="UsedIn" Val="simulation"/>
      </FileInfo>
    </File>
    <File Path="$PSRCDIR/sources_1/imports/Add-Subt/MultiplexTxT.v">
      <FileInfo>
        <Attr Name="ImportPath" Val="$PPRDIR/../../../../Desktop/PRUEBA DESNORM DESLINEALIZAC/PRUEBA DESNORM DESLINEALIZAC.srcs/sources_1/imports/PG UBUNTU/Prueba DESLINEALIZAC/Prueba DESLINEALIZAC.srcs/sources_1/imports/Add-Subt/MultiplexTxT.v"/>
        <Attr Name="ImportTime" Val="1476056350"/>
        <Attr Name="UsedIn" Val="synthesis"/>
        <Attr Name="UsedIn" Val="implementation"/>
        <Attr Name="UsedIn" Val="simulation"/>
      </FileInfo>
    </File>
    <File Path="$PSRCDIR/sources_1/imports/Mult/Comparator_Equal.v">
      <FileInfo>
        <Attr Name="ImportPath" Val="$PPRDIR/../../../../Desktop/PRUEBA DESNORM DESLINEALIZAC/PRUEBA DESNORM DESLINEALIZAC.srcs/sources_1/imports/PG UBUNTU/Prueba DESLINEALIZAC/Prueba DESLINEALIZAC.srcs/sources_1/imports/Mult/Comparator_Equal.v"/>
        <Attr Name="ImportTime" Val="1476056350"/>
        <Attr Name="UsedIn" Val="synthesis"/>
        <Attr Name="UsedIn" Val="implementation"/>
        <Attr Name="UsedIn" Val="simulation"/>
      </FileInfo>
    </File>
    <File Path="$PSRCDIR/sources_1/imports/Mult/multiplier.v">
      <FileInfo>
        <Attr Name="ImportPath" Val="$PPRDIR/../../../../Desktop/PRUEBA DESNORM DESLINEALIZAC/PRUEBA DESNORM DESLINEALIZAC.srcs/sources_1/imports/PG UBUNTU/Prueba DESLINEALIZAC/Prueba DESLINEALIZAC.srcs/sources_1/imports/Mult/multiplier.v"/>
        <Attr Name="ImportTime" Val="1476056350"/>
        <Attr Name="UsedIn" Val="synthesis"/>
        <Attr Name="UsedIn" Val="implementation"/>
        <Attr Name="UsedIn" Val="simulation"/>
      </FileInfo>
    </File>
    <File Path="$PSRCDIR/sources_1/imports/Mult/substractor.v">
      <FileInfo>
        <Attr Name="ImportPath" Val="$PPRDIR/../../../../Desktop/PRUEBA DESNORM DESLINEALIZAC/PRUEBA DESNORM DESLINEALIZAC.srcs/sources_1/imports/PG UBUNTU/Prueba DESLINEALIZAC/Prueba DESLINEALIZAC.srcs/sources_1/imports/Mult/substractor.v"/>
        <Attr Name="ImportTime" Val="1476056350"/>
        <Attr Name="UsedIn" Val="synthesis"/>
        <Attr Name="UsedIn" Val="implementation"/>
        <Attr Name="UsedIn" Val="simulation"/>
      </FileInfo>
    </File>
    <File Path="$PSRCDIR/sources_1/imports/Mult/Deco_Round_Mult.v">
      <FileInfo>
        <Attr Name="ImportPath" Val="$PPRDIR/../../../../Desktop/PRUEBA DESNORM DESLINEALIZAC/PRUEBA DESNORM DESLINEALIZAC.srcs/sources_1/imports/PG UBUNTU/Prueba DESLINEALIZAC/Prueba DESLINEALIZAC.srcs/sources_1/imports/Mult/Deco_Round_Mult.v"/>
        <Attr Name="ImportTime" Val="1476056350"/>
        <Attr Name="UsedIn" Val="synthesis"/>
        <Attr Name="UsedIn" Val="implementation"/>
        <Attr Name="UsedIn" Val="simulation"/>
      </FileInfo>
    </File>
    <File Path="$PSRCDIR/sources_1/imports/Mult/OR_Module.v">
      <FileInfo>
        <Attr Name="ImportPath" Val="$PPRDIR/../../../../Desktop/PRUEBA DESNORM DESLINEALIZAC/PRUEBA DESNORM DESLINEALIZAC.srcs/sources_1/imports/PG UBUNTU/Prueba DESLINEALIZAC/Prueba DESLINEALIZAC.srcs/sources_1/imports/Mult/OR_Module.v"/>
        <Attr Name="ImportTime" Val="1476056350"/>
        <Attr Name="UsedIn" Val="synthesis"/>
        <Attr Name="UsedIn" Val="implementation"/>
        <Attr Name="UsedIn" Val="simulation"/>
      </FileInfo>
    </File>
    <File Path="$PSRCDIR/sources_1/imports/Mult/adder.v">
      <FileInfo>
        <Attr Name="ImportPath" Val="$PPRDIR/../../../../Desktop/PRUEBA DESNORM DESLINEALIZAC/PRUEBA DESNORM DESLINEALIZAC.srcs/sources_1/imports/PG UBUNTU/Prueba DESLINEALIZAC/Prueba DESLINEALIZAC.srcs/sources_1/imports/Mult/adder.v"/>
        <Attr Name="ImportTime" Val="1476056350"/>
        <Attr Name="UsedIn" Val="synthesis"/>
        <Attr Name="UsedIn" Val="implementation"/>
        <Attr Name="UsedIn" Val="simulation"/>
      </FileInfo>
    </File>
    <File Path="$PSRCDIR/sources_1/imports/Mult/RegisterMult.v">
      <FileInfo>
        <Attr Name="ImportPath" Val="$PPRDIR/../../../../Desktop/PRUEBA DESNORM DESLINEALIZAC/PRUEBA DESNORM DESLINEALIZAC.srcs/sources_1/imports/PG UBUNTU/Prueba DESLINEALIZAC/Prueba DESLINEALIZAC.srcs/sources_1/imports/Mult/RegisterMult.v"/>
        <Attr Name="ImportTime" Val="1476056350"/>
        <Attr Name="UsedIn" Val="synthesis"/>
        <Attr Name="UsedIn" Val="implementation"/>
        <Attr Name="UsedIn" Val="simulation"/>
      </FileInfo>
    </File>
    <File Path="$PSRCDIR/sources_1/imports/new/Barrel_shifter.v">
      <FileInfo>
        <Attr Name="ImportPath" Val="$PPRDIR/../../../../Desktop/PRUEBA DESNORM DESLINEALIZAC/PRUEBA DESNORM DESLINEALIZAC.srcs/sources_1/imports/PG UBUNTU/Prueba DESLINEALIZAC/Prueba DESLINEALIZAC.srcs/sources_1/imports/new/Barrel_shifter.v"/>
        <Attr Name="ImportTime" Val="1476056350"/>
        <Attr Name="UsedIn" Val="synthesis"/>
        <Attr Name="UsedIn" Val="implementation"/>
        <Attr Name="UsedIn" Val="simulation"/>
      </FileInfo>
    </File>
    <File Path="$PSRCDIR/sources_1/imports/Add-Subt/LZD.v">
      <FileInfo>
        <Attr Name="ImportPath" Val="$PPRDIR/../../../../Desktop/PRUEBA DESNORM DESLINEALIZAC/PRUEBA DESNORM DESLINEALIZAC.srcs/sources_1/imports/PG UBUNTU/Prueba DESLINEALIZAC/Prueba DESLINEALIZAC.srcs/sources_1/imports/Add-Subt/LZD.v"/>
        <Attr Name="ImportTime" Val="1476056350"/>
        <Attr Name="UsedIn" Val="synthesis"/>
        <Attr Name="UsedIn" Val="implementation"/>
        <Attr Name="UsedIn" Val="simulation"/>
      </FileInfo>
    </File>
    <File Path="$PSRCDIR/sources_1/imports/Add-Subt/exp_operation.v">
      <FileInfo>
        <Attr Name="ImportPath" Val="$PPRDIR/../../../../Desktop/PRUEBA DESNORM DESLINEALIZAC/PRUEBA DESNORM DESLINEALIZAC.srcs/sources_1/imports/PG UBUNTU/Prueba DESLINEALIZAC/Prueba DESLINEALIZAC.srcs/sources_1/imports/Add-Subt/exp_operation.v"/>
        <Attr Name="ImportTime" Val="1476056350"/>
        <Attr Name="UsedIn" Val="synthesis"/>
        <Attr Name="UsedIn" Val="implementation"/>
        <Attr Name="UsedIn" Val="simulation"/>
      </FileInfo>
    </File>
    <File Path="$PSRCDIR/sources_1/imports/Add-Subt/Tenth_Phase.v">
      <FileInfo>
        <Attr Name="ImportPath" Val="$PPRDIR/../../../../Desktop/PRUEBA DESNORM DESLINEALIZAC/PRUEBA DESNORM DESLINEALIZAC.srcs/sources_1/imports/PG UBUNTU/Prueba DESLINEALIZAC/Prueba DESLINEALIZAC.srcs/sources_1/imports/Add-Subt/Tenth_Phase.v"/>
        <Attr Name="ImportTime" Val="1476056350"/>
        <Attr Name="UsedIn" Val="synthesis"/>
        <Attr Name="UsedIn" Val="implementation"/>
        <Attr Name="UsedIn" Val="simulation"/>
      </FileInfo>
    </File>
    <File Path="$PSRCDIR/sources_1/imports/Add-Subt/Add_Subt.v">
      <FileInfo>
        <Attr Name="ImportPath" Val="$PPRDIR/../../../../Desktop/PRUEBA DESNORM DESLINEALIZAC/PRUEBA DESNORM DESLINEALIZAC.srcs/sources_1/imports/PG UBUNTU/Prueba DESLINEALIZAC/Prueba DESLINEALIZAC.srcs/sources_1/imports/Add-Subt/Add_Subt.v"/>
        <Attr Name="ImportTime" Val="1476056350"/>
        <Attr Name="UsedIn" Val="synthesis"/>
        <Attr Name="UsedIn" Val="implementation"/>
        <Attr Name="UsedIn" Val="simulation"/>
      </FileInfo>
    </File>
    <File Path="$PSRCDIR/sources_1/imports/Add-Subt/FSM_Add_Subtract.v">
      <FileInfo>
        <Attr Name="ImportPath" Val="$PPRDIR/../../../../Desktop/PRUEBA DESNORM DESLINEALIZAC/PRUEBA DESNORM DESLINEALIZAC.srcs/sources_1/imports/PG UBUNTU/Prueba DESLINEALIZAC/Prueba DESLINEALIZAC.srcs/sources_1/imports/Add-Subt/FSM_Add_Subtract.v"/>
        <Attr Name="ImportTime" Val="1476056350"/>
        <Attr Name="UsedIn" Val="synthesis"/>
        <Attr Name="UsedIn" Val="implementation"/>
        <Attr Name="UsedIn" Val="simulation"/>
      </FileInfo>
    </File>
    <File Path="$PSRCDIR/sources_1/imports/Add-Subt/Round_Sgf_Dec.v">
      <FileInfo>
        <Attr Name="ImportPath" Val="$PPRDIR/../../../../Desktop/PRUEBA DESNORM DESLINEALIZAC/PRUEBA DESNORM DESLINEALIZAC.srcs/sources_1/imports/PG UBUNTU/Prueba DESLINEALIZAC/Prueba DESLINEALIZAC.srcs/sources_1/imports/Add-Subt/Round_Sgf_Dec.v"/>
        <Attr Name="ImportTime" Val="1476056350"/>
        <Attr Name="UsedIn" Val="synthesis"/>
        <Attr Name="UsedIn" Val="implementation"/>
        <Attr Name="UsedIn" Val="simulation"/>
      </FileInfo>
    </File>
    <File Path="$PSRCDIR/sources_1/imports/Add-Subt/Oper_Start_In.v">
      <FileInfo>
        <Attr Name="ImportPath" Val="$PPRDIR/../../../../Desktop/PRUEBA DESNORM DESLINEALIZAC/PRUEBA DESNORM DESLINEALIZAC.srcs/sources_1/imports/PG UBUNTU/Prueba DESLINEALIZAC/Prueba DESLINEALIZAC.srcs/sources_1/imports/Add-Subt/Oper_Start_In.v"/>
        <Attr Name="ImportTime" Val="1476056350"/>
        <Attr Name="UsedIn" Val="synthesis"/>
        <Attr Name="UsedIn" Val="implementation"/>
        <Attr Name="UsedIn" Val="simulation"/>
      </FileInfo>
    </File>
    <File Path="$PSRCDIR/sources_1/imports/Mult/Barrel_Shifter_M.v">
      <FileInfo>
        <Attr Name="ImportPath" Val="$PPRDIR/../../../../Desktop/PRUEBA DESNORM DESLINEALIZAC/PRUEBA DESNORM DESLINEALIZAC.srcs/sources_1/imports/PG UBUNTU/Prueba DESLINEALIZAC/Prueba DESLINEALIZAC.srcs/sources_1/imports/Mult/Barrel_Shifter_M.v"/>
        <Attr Name="ImportTime" Val="1476056350"/>
        <Attr Name="UsedIn" Val="synthesis"/>
        <Attr Name="UsedIn" Val="implementation"/>
        <Attr Name="UsedIn" Val="simulation"/>
      </FileInfo>
    </File>
    <File Path="$PSRCDIR/sources_1/imports/Mult/FSM_Mult_Function.v">
      <FileInfo>
        <Attr Name="ImportPath" Val="$PPRDIR/../../../../Desktop/PRUEBA DESNORM DESLINEALIZAC/PRUEBA DESNORM DESLINEALIZAC.srcs/sources_1/imports/PG UBUNTU/Prueba DESLINEALIZAC/Prueba DESLINEALIZAC.srcs/sources_1/imports/Mult/FSM_Mult_Function.v"/>
        <Attr Name="ImportTime" Val="1476056350"/>
        <Attr Name="UsedIn" Val="synthesis"/>
        <Attr Name="UsedIn" Val="implementation"/>
        <Attr Name="UsedIn" Val="simulation"/>
      </FileInfo>
    </File>
    <File Path="$PSRCDIR/sources_1/imports/Mult/Zero_InfMult_Unit.v">
      <FileInfo>
        <Attr Name="ImportPath" Val="$PPRDIR/../../../../Desktop/PRUEBA DESNORM DESLINEALIZAC/PRUEBA DESNORM DESLINEALIZAC.srcs/sources_1/imports/PG UBUNTU/Prueba DESLINEALIZAC/Prueba DESLINEALIZAC.srcs/sources_1/imports/Mult/Zero_InfMult_Unit.v"/>
        <Attr Name="ImportTime" Val="1476056350"/>
        <Attr Name="UsedIn" Val="synthesis"/>
        <Attr Name="UsedIn" Val="implementation"/>
        <Attr Name="UsedIn" Val="simulation"/>
      </FileInfo>
    </File>
    <File Path="$PSRCDIR/sources_1/imports/Mult/Sgf_Multiplication.v">
      <FileInfo>
        <Attr Name="ImportPath" Val="$PPRDIR/../../../../Desktop/PRUEBA DESNORM DESLINEALIZAC/PRUEBA DESNORM DESLINEALIZAC.srcs/sources_1/imports/PG UBUNTU/Prueba DESLINEALIZAC/Prueba DESLINEALIZAC.srcs/sources_1/imports/Mult/Sgf_Multiplication.v"/>
        <Attr Name="ImportTime" Val="1476056350"/>
        <Attr Name="UsedIn" Val="synthesis"/>
        <Attr Name="UsedIn" Val="implementation"/>
        <Attr Name="UsedIn" Val="simulation"/>
      </FileInfo>
    </File>
    <File Path="$PSRCDIR/sources_1/imports/Mult/Adder_Round.v">
      <FileInfo>
        <Attr Name="ImportPath" Val="$PPRDIR/../../../../Desktop/PRUEBA DESNORM DESLINEALIZAC/PRUEBA DESNORM DESLINEALIZAC.srcs/sources_1/imports/PG UBUNTU/Prueba DESLINEALIZAC/Prueba DESLINEALIZAC.srcs/sources_1/imports/Mult/Adder_Round.v"/>
        <Attr Name="ImportTime" Val="1476056350"/>
        <Attr Name="UsedIn" Val="synthesis"/>
        <Attr Name="UsedIn" Val="implementation"/>
        <Attr Name="UsedIn" Val="simulation"/>
      </FileInfo>
    </File>
    <File Path="$PSRCDIR/sources_1/imports/Mult/XOR_M.v">
      <FileInfo>
        <Attr Name="ImportPath" Val="$PPRDIR/../../../../Desktop/PRUEBA DESNORM DESLINEALIZAC/PRUEBA DESNORM DESLINEALIZAC.srcs/sources_1/imports/PG UBUNTU/Prueba DESLINEALIZAC/Prueba DESLINEALIZAC.srcs/sources_1/imports/Mult/XOR_M.v"/>
        <Attr Name="ImportTime" Val="1476056350"/>
        <Attr Name="UsedIn" Val="synthesis"/>
        <Attr Name="UsedIn" Val="implementation"/>
        <Attr Name="UsedIn" Val="simulation"/>
      </FileInfo>
    </File>
    <File Path="$PSRCDIR/sources_1/imports/Mult/Round_decoder_M.v">
      <FileInfo>
        <Attr Name="ImportPath" Val="$PPRDIR/../../../../Desktop/PRUEBA DESNORM DESLINEALIZAC/PRUEBA DESNORM DESLINEALIZAC.srcs/sources_1/imports/PG UBUNTU/Prueba DESLINEALIZAC/Prueba DESLINEALIZAC.srcs/sources_1/imports/Mult/Round_decoder_M.v"/>
        <Attr Name="ImportTime" Val="1476056350"/>
        <Attr Name="UsedIn" Val="synthesis"/>
        <Attr Name="UsedIn" Val="implementation"/>
        <Attr Name="UsedIn" Val="simulation"/>
      </FileInfo>
    </File>
    <File Path="$PSRCDIR/sources_1/imports/Mult/Exp_operation_m.v">
      <FileInfo>
        <Attr Name="ImportPath" Val="$PPRDIR/../../../../Desktop/PRUEBA DESNORM DESLINEALIZAC/PRUEBA DESNORM DESLINEALIZAC.srcs/sources_1/imports/PG UBUNTU/Prueba DESLINEALIZAC/Prueba DESLINEALIZAC.srcs/sources_1/imports/Mult/Exp_operation_m.v"/>
        <Attr Name="ImportTime" Val="1476056350"/>
        <Attr Name="UsedIn" Val="synthesis"/>
        <Attr Name="UsedIn" Val="implementation"/>
        <Attr Name="UsedIn" Val="simulation"/>
      </FileInfo>
    </File>
    <File Path="$PSRCDIR/sources_1/imports/Mult/First_Phase_M.v">
      <FileInfo>
        <Attr Name="ImportPath" Val="$PPRDIR/../../../../Desktop/PRUEBA DESNORM DESLINEALIZAC/PRUEBA DESNORM DESLINEALIZAC.srcs/sources_1/imports/PG UBUNTU/Prueba DESLINEALIZAC/Prueba DESLINEALIZAC.srcs/sources_1/imports/Mult/First_Phase_M.v"/>
        <Attr Name="ImportTime" Val="1476056350"/>
        <Attr Name="UsedIn" Val="synthesis"/>
        <Attr Name="UsedIn" Val="implementation"/>
        <Attr Name="UsedIn" Val="simulation"/>
      </FileInfo>
    </File>
    <File Path="$PSRCDIR/sources_1/imports/new/FF_D.v">
      <FileInfo>
        <Attr Name="ImportPath" Val="$PPRDIR/../../../../Desktop/PRUEBA DESNORM DESLINEALIZAC/PRUEBA DESNORM DESLINEALIZAC.srcs/sources_1/imports/PG UBUNTU/Prueba DESLINEALIZAC/Prueba DESLINEALIZAC.srcs/sources_1/imports/new/FF_D.v"/>
        <Attr Name="ImportTime" Val="1476056350"/>
        <Attr Name="UsedIn" Val="synthesis"/>
        <Attr Name="UsedIn" Val="implementation"/>
        <Attr Name="UsedIn" Val="simulation"/>
      </FileInfo>
    </File>
    <File Path="$PSRCDIR/sources_1/imports/new/Comparador_Mayor.v">
      <FileInfo>
        <Attr Name="ImportPath" Val="$PPRDIR/../../../../Desktop/PRUEBA DESNORM DESLINEALIZAC/PRUEBA DESNORM DESLINEALIZAC.srcs/sources_1/imports/new/Comparador_Mayor.v"/>
        <Attr Name="ImportTime" Val="1468036288"/>
        <Attr Name="UsedIn" Val="synthesis"/>
        <Attr Name="UsedIn" Val="implementation"/>
        <Attr Name="UsedIn" Val="simulation"/>
      </FileInfo>
    </File>
    <File Path="$PSRCDIR/sources_1/imports/new/Mux_2x1_8Bits.v">
      <FileInfo>
        <Attr Name="ImportPath" Val="$PPRDIR/../../../../Desktop/PRUEBA DESNORM DESLINEALIZAC/PRUEBA DESNORM DESLINEALIZAC.srcs/sources_1/imports/new/Mux_2x1_8Bits.v"/>
        <Attr Name="ImportTime" Val="1457569476"/>
        <Attr Name="UsedIn" Val="synthesis"/>
        <Attr Name="UsedIn" Val="implementation"/>
        <Attr Name="UsedIn" Val="simulation"/>
      </FileInfo>
    </File>
    <File Path="$PSRCDIR/sources_1/imports/new/ADDT_8Bits.v">
      <FileInfo>
        <Attr Name="ImportPath" Val="$PPRDIR/../../../../Desktop/PRUEBA DESNORM DESLINEALIZAC/PRUEBA DESNORM DESLINEALIZAC.srcs/sources_1/imports/new/ADDT_8Bits.v"/>
        <Attr Name="ImportTime" Val="1467514084"/>
        <Attr Name="UsedIn" Val="synthesis"/>
        <Attr Name="UsedIn" Val="implementation"/>
        <Attr Name="UsedIn" Val="simulation"/>
      </FileInfo>
    </File>
    <File Path="$PSRCDIR/sources_1/imports/new/Complement.v">
      <FileInfo>
        <Attr Name="ImportPath" Val="$PPRDIR/../../../../Desktop/PRUEBA DESNORM DESLINEALIZAC/PRUEBA DESNORM DESLINEALIZAC.srcs/sources_1/imports/new/Complement.v"/>
        <Attr Name="ImportTime" Val="1467509894"/>
        <Attr Name="UsedIn" Val="synthesis"/>
        <Attr Name="UsedIn" Val="implementation"/>
        <Attr Name="UsedIn" Val="simulation"/>
      </FileInfo>
    </File>
    <File Path="$PSRCDIR/sources_1/imports/new/Priority_Encoder.v">
      <FileInfo>
        <Attr Name="ImportPath" Val="$PPRDIR/../../../../Desktop/PRUEBA DESNORM DESLINEALIZAC/PRUEBA DESNORM DESLINEALIZAC.srcs/sources_1/imports/new/Priority_Encoder.v"/>
        <Attr Name="ImportTime" Val="1470105020"/>
        <Attr Name="UsedIn" Val="synthesis"/>
        <Attr Name="UsedIn" Val="implementation"/>
        <Attr Name="UsedIn" Val="simulation"/>
      </FileInfo>
    </File>
    <File Path="$PSRCDIR/sources_1/imports/new/S_SUBT.v">
      <FileInfo>
        <Attr Name="ImportPath" Val="$PPRDIR/../../../../Desktop/PRUEBA DESNORM DESLINEALIZAC/PRUEBA DESNORM DESLINEALIZAC.srcs/sources_1/imports/PG UBUNTU/Prueba DESLINEALIZAC/Prueba DESLINEALIZAC.srcs/sources_1/imports/new/S_SUBT.v"/>
        <Attr Name="ImportTime" Val="1476056350"/>
        <Attr Name="UsedIn" Val="synthesis"/>
        <Attr Name="UsedIn" Val="implementation"/>
        <Attr Name="UsedIn" Val="simulation"/>
      </FileInfo>
    </File>
    <File Path="$PSRCDIR/sources_1/imports/new/Mux_2x1_32Bits.v">
      <FileInfo>
        <Attr Name="ImportPath" Val="$PPRDIR/../../../../Desktop/PRUEBA DESNORM DESLINEALIZAC/PRUEBA DESNORM DESLINEALIZAC.srcs/sources_1/imports/new/Mux_2x1_32Bits.v"/>
        <Attr Name="ImportTime" Val="1467516296"/>
        <Attr Name="UsedIn" Val="synthesis"/>
        <Attr Name="UsedIn" Val="implementation"/>
        <Attr Name="UsedIn" Val="simulation"/>
      </FileInfo>
    </File>
    <File Path="$PSRCDIR/sources_1/imports/new/LUT_Z.v">
      <FileInfo>
        <Attr Name="ImportPath" Val="$PPRDIR/../../../../Desktop/PRUEBA DESNORM DESLINEALIZAC/PRUEBA DESNORM DESLINEALIZAC.srcs/sources_1/imports/PG UBUNTU/Prueba DESLINEALIZAC/Prueba DESLINEALIZAC.srcs/sources_1/imports/new/LUT_Z.v"/>
        <Attr Name="ImportTime" Val="1476056350"/>
        <Attr Name="UsedIn" Val="synthesis"/>
        <Attr Name="UsedIn" Val="implementation"/>
        <Attr Name="UsedIn" Val="simulation"/>
      </FileInfo>
    </File>
    <File Path="$PSRCDIR/sources_1/imports/new/Mux_2x1_23Bits.v">
      <FileInfo>
        <Attr Name="ImportPath" Val="$PPRDIR/../../../../Desktop/PRUEBA DESNORM DESLINEALIZAC/PRUEBA DESNORM DESLINEALIZAC.srcs/sources_1/imports/PG UBUNTU/Prueba DESLINEALIZAC/Prueba DESLINEALIZAC.srcs/sources_1/imports/new/Mux_2x1_23Bits.v"/>
        <Attr Name="ImportTime" Val="1476056350"/>
        <Attr Name="UsedIn" Val="synthesis"/>
        <Attr Name="UsedIn" Val="implementation"/>
        <Attr Name="UsedIn" Val="simulation"/>
      </FileInfo>
    </File>
    <File Path="$PSRCDIR/sources_1/imports/new/Mux_3x1_23Bits.v">
      <FileInfo>
        <Attr Name="ImportPath" Val="$PPRDIR/../../../../Desktop/PRUEBA DESNORM DESLINEALIZAC/PRUEBA DESNORM DESLINEALIZAC.srcs/sources_1/imports/PG UBUNTU/Prueba DESLINEALIZAC/Prueba DESLINEALIZAC.srcs/sources_1/imports/new/Mux_3x1_23Bits.v"/>
        <Attr Name="ImportTime" Val="1476056350"/>
        <Attr Name="UsedIn" Val="synthesis"/>
        <Attr Name="UsedIn" Val="implementation"/>
        <Attr Name="UsedIn" Val="simulation"/>
      </FileInfo>
    </File>
    <File Path="$PSRCDIR/sources_1/imports/new/Mux_2x1.v">
      <FileInfo>
        <Attr Name="ImportPath" Val="$PPRDIR/../../../../Desktop/PRUEBA DESNORM DESLINEALIZAC/PRUEBA DESNORM DESLINEALIZAC.srcs/sources_1/imports/PG UBUNTU/Prueba DESLINEALIZAC/Prueba DESLINEALIZAC.srcs/sources_1/imports/new/Mux_2x1.v"/>
        <Attr Name="ImportTime" Val="1476056350"/>
        <Attr Name="UsedIn" Val="synthesis"/>
        <Attr Name="UsedIn" Val="implementation"/>
        <Attr Name="UsedIn" Val="simulation"/>
      </FileInfo>
    </File>
    <File Path="$PSRCDIR/sources_1/imports/new/LUT_SHIFT.v">
      <FileInfo>
        <Attr Name="ImportPath" Val="$PPRDIR/../../../../Desktop/PRUEBA DESNORM DESLINEALIZAC/PRUEBA DESNORM DESLINEALIZAC.srcs/sources_1/imports/PG UBUNTU/Prueba DESLINEALIZAC/Prueba DESLINEALIZAC.srcs/sources_1/imports/new/LUT_SHIFT.v"/>
        <Attr Name="ImportTime" Val="1476056350"/>
        <Attr Name="UsedIn" Val="synthesis"/>
        <Attr Name="UsedIn" Val="implementation"/>
        <Attr Name="UsedIn" Val="simulation"/>
      </FileInfo>
    </File>
    <File Path="$PSRCDIR/sources_1/imports/new/COUNTER_5B.v">
      <FileInfo>
        <Attr Name="ImportPath" Val="$PPRDIR/../../../../Desktop/PRUEBA DESNORM DESLINEALIZAC/PRUEBA DESNORM DESLINEALIZAC.srcs/sources_1/imports/PG UBUNTU/Prueba DESLINEALIZAC/Prueba DESLINEALIZAC.srcs/sources_1/imports/new/COUNTER_5B.v"/>
        <Attr Name="ImportTime" Val="1476056350"/>
        <Attr Name="UsedIn" Val="synthesis"/>
        <Attr Name="UsedIn" Val="implementation"/>
        <Attr Name="UsedIn" Val="simulation"/>
      </FileInfo>
    </File>
    <File Path="$PSRCDIR/sources_1/imports/new/SIGN.v">
      <FileInfo>
        <Attr Name="ImportPath" Val="$PPRDIR/../../../../Desktop/PRUEBA DESNORM DESLINEALIZAC/PRUEBA DESNORM DESLINEALIZAC.srcs/sources_1/imports/PG UBUNTU/Prueba DESLINEALIZAC/Prueba DESLINEALIZAC.srcs/sources_1/imports/new/SIGN.v"/>
        <Attr Name="ImportTime" Val="1476056350"/>
        <Attr Name="UsedIn" Val="synthesis"/>
        <Attr Name="UsedIn" Val="implementation"/>
        <Attr Name="UsedIn" Val="simulation"/>
      </FileInfo>
    </File>
    <File Path="$PSRCDIR/sources_1/imports/Add-Subt/FPU_Add_Subtract_Function.v">
      <FileInfo>
        <Attr Name="ImportPath" Val="$PPRDIR/../../../../Desktop/PRUEBA DESNORM DESLINEALIZAC/PRUEBA DESNORM DESLINEALIZAC.srcs/sources_1/imports/PG UBUNTU/Prueba DESLINEALIZAC/Prueba DESLINEALIZAC.srcs/sources_1/imports/Add-Subt/FPU_Add_Subtract_Function.v"/>
        <Attr Name="ImportTime" Val="1476056350"/>
        <Attr Name="UsedIn" Val="synthesis"/>
        <Attr Name="UsedIn" Val="implementation"/>
        <Attr Name="UsedIn" Val="simulation"/>
      </FileInfo>
    </File>
    <File Path="$PSRCDIR/sources_1/imports/Mult/FPU_Multiplication_Function.v">
      <FileInfo>
        <Attr Name="ImportPath" Val="$PPRDIR/../../../../Desktop/PRUEBA DESNORM DESLINEALIZAC/PRUEBA DESNORM DESLINEALIZAC.srcs/sources_1/imports/PG UBUNTU/Prueba DESLINEALIZAC/Prueba DESLINEALIZAC.srcs/sources_1/imports/Mult/FPU_Multiplication_Function.v"/>
        <Attr Name="ImportTime" Val="1476056350"/>
        <Attr Name="UsedIn" Val="synthesis"/>
        <Attr Name="UsedIn" Val="implementation"/>
        <Attr Name="UsedIn" Val="simulation"/>
      </FileInfo>
    </File>
    <File Path="$PSRCDIR/sources_1/imports/test/Transmisor.v">
      <FileInfo>
        <Attr Name="ImportPath" Val="$PPRDIR/../../../../Documents/PG/TEST_DESLINEALIZ_3Sum/TEST_DESLINEALIZ.srcs/sources_1/imports/test/Transmisor.v"/>
        <Attr Name="ImportTime" Val="1462202030"/>
        <Attr Name="UsedIn" Val="synthesis"/>
        <Attr Name="UsedIn" Val="implementation"/>
        <Attr Name="UsedIn" Val="simulation"/>
      </FileInfo>
    </File>
    <File Path="$PSRCDIR/sources_1/imports/test/UBuffer.v">
      <FileInfo>
        <Attr Name="ImportPath" Val="$PPRDIR/../../../../Documents/PG/TEST_DESLINEALIZ_3Sum/TEST_DESLINEALIZ.srcs/sources_1/imports/test/UBuffer.v"/>
        <Attr Name="ImportTime" Val="1462202030"/>
        <Attr Name="UsedIn" Val="synthesis"/>
        <Attr Name="UsedIn" Val="implementation"/>
        <Attr Name="UsedIn" Val="simulation"/>
      </FileInfo>
    </File>
    <File Path="$PSRCDIR/sources_1/imports/test/Receptor.v">
      <FileInfo>
        <Attr Name="ImportPath" Val="$PPRDIR/../../../../Documents/PG/TEST_DESLINEALIZ_3Sum/TEST_DESLINEALIZ.srcs/sources_1/imports/test/Receptor.v"/>
        <Attr Name="ImportTime" Val="1462202030"/>
        <Attr Name="UsedIn" Val="synthesis"/>
        <Attr Name="UsedIn" Val="implementation"/>
        <Attr Name="UsedIn" Val="simulation"/>
      </FileInfo>
    </File>
    <File Path="$PSRCDIR/sources_1/imports/new/Coprocesador_CORDIC.v">
      <FileInfo>
        <Attr Name="ImportPath" Val="$PPRDIR/../../../../Desktop/PRUEBA DESNORM DESLINEALIZAC/PRUEBA DESNORM DESLINEALIZAC.srcs/sources_1/imports/PG UBUNTU/Prueba DESLINEALIZAC/Prueba DESLINEALIZAC.srcs/sources_1/imports/new/Coprocesador_CORDIC.v"/>
        <Attr Name="ImportTime" Val="1476063232"/>
        <Attr Name="UsedIn" Val="synthesis"/>
        <Attr Name="UsedIn" Val="implementation"/>
        <Attr Name="UsedIn" Val="simulation"/>
      </FileInfo>
    </File>
    <File Path="$PSRCDIR/sources_1/imports/new/FSM_C_CORDIC.v">
      <FileInfo>
        <Attr Name="ImportPath" Val="$PPRDIR/../../../../Desktop/PRUEBA DESNORM DESLINEALIZAC/PRUEBA DESNORM DESLINEALIZAC.srcs/sources_1/imports/PG UBUNTU/Prueba DESLINEALIZAC/Prueba DESLINEALIZAC.srcs/sources_1/imports/new/FSM_C_CORDIC.v"/>
        <Attr Name="ImportTime" Val="1476063534"/>
        <Attr Name="UsedIn" Val="synthesis"/>
        <Attr Name="UsedIn" Val="implementation"/>
        <Attr Name="UsedIn" Val="simulation"/>
      </FileInfo>
    </File>
    <File Path="$PSRCDIR/sources_1/imports/new/FSM_Convert_Fixed_To_Float.v">
      <FileInfo>
        <Attr Name="ImportPath" Val="$PPRDIR/../../../../Desktop/PRUEBA DESNORM DESLINEALIZAC/PRUEBA DESNORM DESLINEALIZAC.srcs/sources_1/imports/new/FSM_Convert_Fixed_To_Float.v"/>
        <Attr Name="ImportTime" Val="1470126640"/>
        <Attr Name="UsedIn" Val="synthesis"/>
        <Attr Name="UsedIn" Val="implementation"/>
        <Attr Name="UsedIn" Val="simulation"/>
      </FileInfo>
    </File>
    <File Path="$PSRCDIR/sources_1/imports/new/Convert_Fixed_To_Float.v">
      <FileInfo>
        <Attr Name="ImportPath" Val="$PPRDIR/../../../../Desktop/PRUEBA DESNORM DESLINEALIZAC/PRUEBA DESNORM DESLINEALIZAC.srcs/sources_1/imports/new/Convert_Fixed_To_Float.v"/>
        <Attr Name="ImportTime" Val="1476066832"/>
        <Attr Name="UsedIn" Val="synthesis"/>
        <Attr Name="UsedIn" Val="implementation"/>
        <Attr Name="UsedIn" Val="simulation"/>
      </FileInfo>
    </File>
    <File Path="$PSRCDIR/sources_1/imports/test/Coun_Baud.v">
      <FileInfo>
        <Attr Name="ImportPath" Val="$PPRDIR/../../../../Documents/PG/TEST_DESLINEALIZ_3Sum/TEST_DESLINEALIZ.srcs/sources_1/imports/test/Coun_Baud.v"/>
        <Attr Name="ImportTime" Val="1462202030"/>
        <Attr Name="UsedIn" Val="synthesis"/>
        <Attr Name="UsedIn" Val="implementation"/>
        <Attr Name="UsedIn" Val="simulation"/>
      </FileInfo>
    </File>
    <File Path="$PSRCDIR/sources_1/imports/test/Transmisor_TX.v">
      <FileInfo>
        <Attr Name="ImportPath" Val="$PPRDIR/../../../../Documents/PG/TEST_DESLINEALIZ_3Sum/TEST_DESLINEALIZ.srcs/sources_1/imports/test/Transmisor_TX.v"/>
        <Attr Name="ImportTime" Val="1462202030"/>
        <Attr Name="UsedIn" Val="synthesis"/>
        <Attr Name="UsedIn" Val="implementation"/>
        <Attr Name="UsedIn" Val="simulation"/>
      </FileInfo>
    </File>
    <File Path="$PSRCDIR/sources_1/imports/test/ReceptorRX.v">
      <FileInfo>
        <Attr Name="ImportPath" Val="$PPRDIR/../../../../Documents/PG/TEST_DESLINEALIZ_3Sum/TEST_DESLINEALIZ.srcs/sources_1/imports/test/ReceptorRX.v"/>
        <Attr Name="ImportTime" Val="1462202030"/>
        <Attr Name="UsedIn" Val="synthesis"/>
        <Attr Name="UsedIn" Val="implementation"/>
        <Attr Name="UsedIn" Val="simulation"/>
      </FileInfo>
    </File>
    <File Path="$PSRCDIR/sources_1/imports/new/I_DESNORM_FIXED_TO_FLOAT.v">
      <FileInfo>
        <Attr Name="ImportPath" Val="$PPRDIR/../../../../Desktop/PRUEBA DESNORM DESLINEALIZAC/PRUEBA DESNORM DESLINEALIZAC.srcs/sources_1/imports/PG UBUNTU/TEST_DESLINEALIZ_3Sum/TEST_DESLINEALIZ.srcs/sources_1/imports/new/I_DESNORM_FIXED_TO_FLOAT.v"/>
        <Attr Name="ImportTime" Val="1470126308"/>
        <Attr Name="UsedIn" Val="synthesis"/>
        <Attr Name="UsedIn" Val="implementation"/>
        <Attr Name="UsedIn" Val="simulation"/>
      </FileInfo>
    </File>
    <File Path="$PSRCDIR/sources_1/imports/new/Deslinealizador.v">
      <FileInfo>
        <Attr Name="ImportPath" Val="$PPRDIR/../../../../Desktop/PRUEBA DESNORM DESLINEALIZAC/PRUEBA DESNORM DESLINEALIZAC.srcs/sources_1/imports/PG UBUNTU/Prueba DESLINEALIZAC/Prueba DESLINEALIZAC.srcs/sources_1/imports/new/Deslinealizador.v"/>
        <Attr Name="ImportTime" Val="1476063422"/>
        <Attr Name="UsedIn" Val="synthesis"/>
        <Attr Name="UsedIn" Val="implementation"/>
        <Attr Name="UsedIn" Val="simulation"/>
      </FileInfo>
    </File>
    <File Path="$PSRCDIR/sources_1/imports/test/FSM_test.v">
      <FileInfo>
        <Attr Name="ImportPath" Val="$PPRDIR/../../../../Documents/PG/TEST_DESLINEALIZ_3Sum/TEST_DESLINEALIZ.srcs/sources_1/imports/test/FSM_test.v"/>
        <Attr Name="ImportTime" Val="1462202030"/>
        <Attr Name="UsedIn" Val="synthesis"/>
        <Attr Name="UsedIn" Val="implementation"/>
        <Attr Name="UsedIn" Val="simulation"/>
      </FileInfo>
    </File>
    <File Path="$PSRCDIR/sources_1/imports/test/Uart.v">
      <FileInfo>
        <Attr Name="ImportPath" Val="$PPRDIR/../../../../Documents/PG/TEST_DESLINEALIZ_3Sum/TEST_DESLINEALIZ.srcs/sources_1/imports/test/Uart.v"/>
        <Attr Name="ImportTime" Val="1462202030"/>
        <Attr Name="UsedIn" Val="synthesis"/>
        <Attr Name="UsedIn" Val="implementation"/>
        <Attr Name="UsedIn" Val="simulation"/>
      </FileInfo>
    </File>
    <File Path="$PSRCDIR/sources_1/imports/test/Mux_8x1.v">
      <FileInfo>
        <Attr Name="ImportPath" Val="$PPRDIR/../../../../Documents/PG/TEST_DESLINEALIZ_3Sum/TEST_DESLINEALIZ.srcs/sources_1/imports/test/Mux_8x1.v"/>
        <Attr Name="ImportTime" Val="1462202030"/>
        <Attr Name="UsedIn" Val="synthesis"/>
        <Attr Name="UsedIn" Val="implementation"/>
        <Attr Name="UsedIn" Val="simulation"/>
      </FileInfo>
    </File>
    <File Path="$PSRCDIR/sources_1/imports/test/cont_test.v">
      <FileInfo>
        <Attr Name="ImportPath" Val="$PPRDIR/../../../../Documents/PG/TEST_DESLINEALIZ_3Sum/TEST_DESLINEALIZ.srcs/sources_1/imports/test/cont_test.v"/>
        <Attr Name="ImportTime" Val="1462202030"/>
        <Attr Name="UsedIn" Val="synthesis"/>
        <Attr Name="UsedIn" Val="implementation"/>
        <Attr Name="UsedIn" Val="simulation"/>
      </FileInfo>
    </File>
    <File Path="$PSRCDIR/sources_1/imports/test/ROM_test.v">
      <FileInfo>
        <Attr Name="ImportPath" Val="$PPRDIR/../../../../Documents/PG/TEST_DESLINEALIZ_3Sum/TEST_DESLINEALIZ.srcs/sources_1/imports/test/ROM_test.v"/>
        <Attr Name="ImportTime" Val="1473699268"/>
        <Attr Name="UsedIn" Val="synthesis"/>
        <Attr Name="UsedIn" Val="implementation"/>
        <Attr Name="UsedIn" Val="simulation"/>
      </FileInfo>
    </File>
    <File Path="$PSRCDIR/sources_1/imports/test/Mux_4x1.v">
      <FileInfo>
        <Attr Name="ImportPath" Val="$PPRDIR/../../../../Documents/PG/TEST_DESLINEALIZ_3Sum/TEST_DESLINEALIZ.srcs/sources_1/imports/test/Mux_4x1.v"/>
        <Attr Name="ImportTime" Val="1462202030"/>
        <Attr Name="UsedIn" Val="synthesis"/>
        <Attr Name="UsedIn" Val="implementation"/>
        <Attr Name="UsedIn" Val="simulation"/>
      </FileInfo>
    </File>
    <File Path="$PSRCDIR/sources_1/imports/new/DESNORMALIZADOR_DESLINEALIZADOR.v">
      <FileInfo>
        <Attr Name="ImportPath" Val="$PPRDIR/../../../../Documents/PG/TEST_DESLINEALIZ_3Sum/TEST_DESLINEALIZ.srcs/sources_1/imports/new/DESNORMALIZADOR_DESLINEALIZADOR.v"/>
        <Attr Name="ImportTime" Val="1473699328"/>
        <Attr Name="UsedIn" Val="synthesis"/>
        <Attr Name="UsedIn" Val="implementation"/>
        <Attr Name="UsedIn" Val="simulation"/>
      </FileInfo>
    </File>
    <File Path="$PSRCDIR/sources_1/imports/test/FPU_UART.v">
      <FileInfo>
        <Attr Name="ImportPath" Val="$PPRDIR/../../../../Documents/PG/TEST_DESLINEALIZ_3Sum/TEST_DESLINEALIZ.srcs/sources_1/imports/test/FPU_UART.v"/>
        <Attr Name="ImportTime" Val="1473699409"/>
        <Attr Name="UsedIn" Val="synthesis"/>
        <Attr Name="UsedIn" Val="implementation"/>
        <Attr Name="UsedIn" Val="simulation"/>
      </FileInfo>
    </File>
    <File Path="$PSRCDIR/sources_1/imports/new/Convert_Fixed_To_Float_V.v">
      <FileInfo>
        <Attr Name="AutoDisabled" Val="1"/>
        <Attr Name="ImportPath" Val="$PPRDIR/../../../../Desktop/PRUEBA DESNORM DESLINEALIZAC/PRUEBA DESNORM DESLINEALIZAC.srcs/sources_1/imports/new/Convert_Fixed_To_Float_V.v"/>
        <Attr Name="ImportTime" Val="1476066864"/>
        <Attr Name="UsedIn" Val="synthesis"/>
        <Attr Name="UsedIn" Val="implementation"/>
        <Attr Name="UsedIn" Val="simulation"/>
      </FileInfo>
    </File>
    <File Path="$PSRCDIR/sources_1/imports/new/V_DESNORM_FIXED_TO_FLOAT.v">
      <FileInfo>
        <Attr Name="AutoDisabled" Val="1"/>
        <Attr Name="ImportPath" Val="$PPRDIR/../../../../Desktop/PRUEBA DESNORM DESLINEALIZAC/PRUEBA DESNORM DESLINEALIZAC.srcs/sources_1/imports/PG UBUNTU/TEST_DESLINEALIZ_3Sum/TEST_DESLINEALIZ.srcs/sources_1/imports/new/V_DESNORM_FIXED_TO_FLOAT.v"/>
        <Attr Name="ImportTime" Val="1470126922"/>
        <Attr Name="UsedIn" Val="synthesis"/>
        <Attr Name="UsedIn" Val="implementation"/>
        <Attr Name="UsedIn" Val="simulation"/>
      </FileInfo>
    </File>
    <Config>
      <Option Name="DesignMode" Val="RTL"/>
      <Option Name="TopModule" Val="FPU_UART"/>
      <Option Name="TopAutoSet" Val="TRUE"/>
    </Config>
  </FileSet>
  <FileSet Name="constrs_in" Type="Constrs" RelSrcDir="$PSRCDIR/constrs_1">
    <Filter Type="Constrs"/>
    <File Path="$PSRCDIR/constrs_1/imports/RTL/Nexys4_Master.xdc">
      <FileInfo>
        <Attr Name="ImportPath" Val="$PPRDIR/../../../../Documents/PG/TEST_DESLINEALIZ_3Sum/TEST_DESLINEALIZ.srcs/constrs_1/imports/RTL/Nexys4_Master.xdc"/>
        <Attr Name="ImportTime" Val="1470328212"/>
        <Attr Name="UsedIn" Val="synthesis"/>
        <Attr Name="UsedIn" Val="implementation"/>
      </FileInfo>
    </File>
    <Config>
      <Option Name="ConstrsType" Val="XDC"/>
    </Config>
  </FileSet>
  <Strategy Version="1" Minor="2">
    <StratHandle Name="Performance_RefinePlacement" Flow="Vivado Implementation 2015"/>
    <Step Id="init_design"/>
    <Step Id="opt_design"/>
    <Step Id="power_opt_design"/>
    <Step Id="place_design">
      <Option Id="Directive">8</Option>
    </Step>
    <Step Id="post_place_power_opt_design" EnableStepBool="1"/>
    <Step Id="phys_opt_design" EnableStepBool="1">
      <Option Id="Directive">2</Option>
    </Step>
    <Step Id="route_design">
      <Option Id="Directive">1</Option>
    </Step>
    <Step Id="post_route_phys_opt_design" EnableStepBool="1"/>
    <Step Id="write_bitstream"/>
  </Strategy>
</GenRun>
