<?xml version="1.0" encoding="UTF-8"?>
<GenRun Id="synth_1" LaunchPart="xc7a100tcsg324-1" LaunchTime="1476134279">
  <File Type="RUN-CONSTRS" Name="$PDATADIR/runs/synth_1/constrs_in.xml"/>
  <File Type="RUN-SRCS" Name="$PDATADIR/runs/synth_1/sources.xml"/>
  <File Type="RUN-STRAT" Name="$PDATADIR/runs/synth_1/synth_1.psg"/>
  <File Type="PA-TCL" Name="FPU_UART.tcl"/>
  <File Type="RDS-RDS" Name="FPU_UART.vds"/>
  <File Type="VDS-TIMINGSUMMARY" Name="FPU_UART_timing_summary_synth.rpt"/>
  <File Type="VDS-TIMING-PB" Name="FPU_UART_timing_summary_synth.pb"/>
  <File Type="RDS-DCP" Name="FPU_UART.dcp"/>
  <File Type="RDS-UTIL-PB" Name="FPU_UART_utilization_synth.pb"/>
  <File Type="RDS-UTIL" Name="FPU_UART_utilization_synth.rpt"/>
  <File Type="RDS-PROPCONSTRS" Name="FPU_UART_drc_synth.rpt"/>
  <FileSet Name="sources" Type="DesignSrcs" RelSrcDir="$PSRCDIR/sources_1">
    <Filter Type="Srcs"/>
    <File Path="$PSRCDIR/sources_1/imports/new/Multiplexer_AC.v">
      <FileInfo>
        <Attr Name="ImportPath" Val="$PPRDIR/../../../../Desktop/PRUEBA DESNORM DESLINEALIZAC/PRUEBA DESNORM DESLINEALIZAC.srcs/sources_1/imports/PG UBUNTU/Prueba DESLINEALIZAC/Prueba DESLINEALIZAC.srcs/sources_1/imports/new/Multiplexer_AC.v"/>
        <Attr Name="ImportTime" Val="1476056350"/>
        <Attr Name="UsedIn" Val="synthesis"/>
        <Attr Name="UsedIn" Val="implementation"/>
        <Attr Name="UsedIn" Val="simulation"/>
      </FileInfo>
    </File>
    <File Path="$PSRCDIR/sources_1/imports/new/shift_mux.v">
      <FileInfo>
        <Attr Name="ImportPath" Val="$PPRDIR/../../../../Desktop/PRUEBA DESNORM DESLINEALIZAC/PRUEBA DESNORM DESLINEALIZAC.srcs/sources_1/imports/PG UBUNTU/Prueba DESLINEALIZAC/Prueba DESLINEALIZAC.srcs/sources_1/imports/new/shift_mux.v"/>
        <Attr Name="ImportTime" Val="1476056350"/>
        <Attr Name="UsedIn" Val="synthesis"/>
        <Attr Name="UsedIn" Val="implementation"/>
        <Attr Name="UsedIn" Val="simulation"/>
      </FileInfo>
    </File>
    <File Path="$PSRCDIR/sources_1/imports/new/Rotate_Mux_Array.v">
      <FileInfo>
        <Attr Name="ImportPath" Val="$PPRDIR/../../../../Desktop/PRUEBA DESNORM DESLINEALIZAC/PRUEBA DESNORM DESLINEALIZAC.srcs/sources_1/imports/PG UBUNTU/Prueba DESLINEALIZAC/Prueba DESLINEALIZAC.srcs/sources_1/imports/new/Rotate_Mux_Array.v"/>
        <Attr Name="ImportTime" Val="1476056350"/>
        <Attr Name="UsedIn" Val="synthesis"/>
        <Attr Name="UsedIn" Val="implementation"/>
        <Attr Name="UsedIn" Val="simulation"/>
      </FileInfo>
    </File>
    <File Path="$PSRCDIR/sources_1/imports/new/RegisterAdd.v">
      <FileInfo>
        <Attr Name="ImportPath" Val="$PPRDIR/../../../../Desktop/PRUEBA DESNORM DESLINEALIZAC/PRUEBA DESNORM DESLINEALIZAC.srcs/sources_1/imports/PG UBUNTU/Prueba DESLINEALIZAC/Prueba DESLINEALIZAC.srcs/sources_1/imports/new/RegisterAdd.v"/>
        <Attr Name="ImportTime" Val="1476056350"/>
        <Attr Name="UsedIn" Val="synthesis"/>
        <Attr Name="UsedIn" Val="implementation"/>
        <Attr Name="UsedIn" Val="simulation"/>
      </FileInfo>
    </File>
    <File Path="$PSRCDIR/sources_1/imports/Add-Subt/Comparator_Less.v">
      <FileInfo>
        <Attr Name="ImportPath" Val="$PPRDIR/../../../../Desktop/PRUEBA DESNORM DESLINEALIZAC/PRUEBA DESNORM DESLINEALIZAC.srcs/sources_1/imports/PG UBUNTU/Prueba DESLINEALIZAC/Prueba DESLINEALIZAC.srcs/sources_1/imports/Add-Subt/Comparator_Less.v"/>
        <Attr Name="ImportTime" Val="1476056350"/>
        <Attr Name="UsedIn" Val="synthesis"/>
        <Attr Name="UsedIn" Val="implementation"/>
        <Attr Name="UsedIn" Val="simulation"/>
      </FileInfo>
    </File>
    <File Path="$PSRCDIR/sources_1/imports/Add-Subt/Greater_Comparator.v">
      <FileInfo>
        <Attr Name="ImportPath" Val="$PPRDIR/../../../../Desktop/PRUEBA DESNORM DESLINEALIZAC/PRUEBA DESNORM DESLINEALIZAC.srcs/sources_1/imports/PG UBUNTU/Prueba DESLINEALIZAC/Prueba DESLINEALIZAC.srcs/sources_1/imports/Add-Subt/Greater_Comparator.v"/>
        <Attr Name="ImportTime" Val="1476056350"/>
        <Attr Name="UsedIn" Val="synthesis"/>
        <Attr Name="UsedIn" Val="implementation"/>
        <Attr Name="UsedIn" Val="simulation"/>
      </FileInfo>
    </File>
    <File Path="$PSRCDIR/sources_1/imports/new/Mux_Array.v">
      <FileInfo>
        <Attr Name="ImportPath" Val="$PPRDIR/../../../../Desktop/PRUEBA DESNORM DESLINEALIZAC/PRUEBA DESNORM DESLINEALIZAC.srcs/sources_1/imports/PG UBUNTU/Prueba DESLINEALIZAC/Prueba DESLINEALIZAC.srcs/sources_1/imports/new/Mux_Array.v"/>
        <Attr Name="ImportTime" Val="1476056350"/>
        <Attr Name="UsedIn" Val="synthesis"/>
        <Attr Name="UsedIn" Val="implementation"/>
        <Attr Name="UsedIn" Val="simulation"/>
      </FileInfo>
    </File>
    <File Path="$PSRCDIR/sources_1/imports/Add-Subt/add_sub_carry_out.v">
      <FileInfo>
        <Attr Name="ImportPath" Val="$PPRDIR/../../../../Desktop/PRUEBA DESNORM DESLINEALIZAC/PRUEBA DESNORM DESLINEALIZAC.srcs/sources_1/imports/PG UBUNTU/Prueba DESLINEALIZAC/Prueba DESLINEALIZAC.srcs/sources_1/imports/Add-Subt/add_sub_carry_out.v"/>
        <Attr Name="ImportTime" Val="1476056350"/>
        <Attr Name="UsedIn" Val="synthesis"/>
        <Attr Name="UsedIn" Val="implementation"/>
        <Attr Name="UsedIn" Val="simulation"/>
      </FileInfo>
    </File>
    <File Path="$PSRCDIR/sources_1/imports/Add-Subt/xor_tri.v">
      <FileInfo>
        <Attr Name="ImportPath" Val="$PPRDIR/../../../../Desktop/PRUEBA DESNORM DESLINEALIZAC/PRUEBA DESNORM DESLINEALIZAC.srcs/sources_1/imports/PG UBUNTU/Prueba DESLINEALIZAC/Prueba DESLINEALIZAC.srcs/sources_1/imports/Add-Subt/xor_tri.v"/>
        <Attr Name="ImportTime" Val="1476056350"/>
        <Attr Name="UsedIn" Val="synthesis"/>
        <Attr Name="UsedIn" Val="implementation"/>
        <Attr Name="UsedIn" Val="simulation"/>
      </FileInfo>
    </File>
    <File Path="$PSRCDIR/sources_1/imports/Add-Subt/Comparators.v">
      <FileInfo>
        <Attr Name="ImportPath" Val="$PPRDIR/../../../../Desktop/PRUEBA DESNORM DESLINEALIZAC/PRUEBA DESNORM DESLINEALIZAC.srcs/sources_1/imports/PG UBUNTU/Prueba DESLINEALIZAC/Prueba DESLINEALIZAC.srcs/sources_1/imports/Add-Subt/Comparators.v"/>
        <Attr Name="ImportTime" Val="1476056350"/>
        <Attr Name="UsedIn" Val="synthesis"/>
        <Attr Name="UsedIn" Val="implementation"/>
        <Attr Name="UsedIn" Val="simulation"/>
      </FileInfo>
    </File>
    <File Path="$PSRCDIR/sources_1/imports/Add-Subt/Priority_Codec_32.v">
      <FileInfo>
        <Attr Name="ImportPath" Val="$PPRDIR/../../../../Desktop/PRUEBA DESNORM DESLINEALIZAC/PRUEBA DESNORM DESLINEALIZAC.srcs/sources_1/imports/PG UBUNTU/Prueba DESLINEALIZAC/Prueba DESLINEALIZAC.srcs/sources_1/imports/Add-Subt/Priority_Codec_32.v"/>
        <Attr Name="ImportTime" Val="1476056350"/>
        <Attr Name="UsedIn" Val="synthesis"/>
        <Attr Name="UsedIn" Val="implementation"/>
        <Attr Name="UsedIn" Val="simulation"/>
      </FileInfo>
    </File>
    <File Path="$PSRCDIR/sources_1/imports/Add-Subt/Priority_Codec_64.v">
      <FileInfo>
        <Attr Name="ImportPath" Val="$PPRDIR/../../../../Desktop/PRUEBA DESNORM DESLINEALIZAC/PRUEBA DESNORM DESLINEALIZAC.srcs/sources_1/imports/PG UBUNTU/Prueba DESLINEALIZAC/Prueba DESLINEALIZAC.srcs/sources_1/imports/Add-Subt/Priority_Codec_64.v"/>
        <Attr Name="ImportTime" Val="1476056350"/>
        <Attr Name="UsedIn" Val="synthesis"/>
        <Attr Name="UsedIn" Val="implementation"/>
        <Attr Name="UsedIn" Val="simulation"/>
      </FileInfo>
    </File>
    <File Path="$PSRCDIR/sources_1/imports/Add-Subt/sgn_result.v">
      <FileInfo>
        <Attr Name="ImportPath" Val="$PPRDIR/../../../../Desktop/PRUEBA DESNORM DESLINEALIZAC/PRUEBA DESNORM DESLINEALIZAC.srcs/sources_1/imports/PG UBUNTU/Prueba DESLINEALIZAC/Prueba DESLINEALIZAC.srcs/sources_1/imports/Add-Subt/sgn_result.v"/>
        <Attr Name="ImportTime" Val="1476056350"/>
        <Attr Name="UsedIn" Val="synthesis"/>
        <Attr Name="UsedIn" Val="implementation"/>
        <Attr Name="UsedIn" Val="simulation"/>
      </FileInfo>
    </File>
    <File Path="$PSRCDIR/sources_1/imports/Add-Subt/Comparator.v">
      <FileInfo>
        <Attr Name="ImportPath" Val="$PPRDIR/../../../../Desktop/PRUEBA DESNORM DESLINEALIZAC/PRUEBA DESNORM DESLINEALIZAC.srcs/sources_1/imports/PG UBUNTU/Prueba DESLINEALIZAC/Prueba DESLINEALIZAC.srcs/sources_1/imports/Add-Subt/Comparator.v"/>
        <Attr Name="ImportTime" Val="1476056350"/>
        <Attr Name="UsedIn" Val="synthesis"/>
        <Attr Name="UsedIn" Val="implementation"/>
        <Attr Name="UsedIn" Val="simulation"/>
      </FileInfo>
    </File>
    <File Path="$PSRCDIR/sources_1/imports/Add-Subt/Mux_3x1.v">
      <FileInfo>
        <Attr Name="ImportPath" Val="$PPRDIR/../../../../Desktop/PRUEBA DESNORM DESLINEALIZAC/PRUEBA DESNORM DESLINEALIZAC.srcs/sources_1/imports/PG UBUNTU/Prueba DESLINEALIZAC/Prueba DESLINEALIZAC.srcs/sources_1/imports/Add-Subt/Mux_3x1.v"/>
        <Attr Name="ImportTime" Val="1476056350"/>
        <Attr Name="UsedIn" Val="synthesis"/>
        <Attr Name="UsedIn" Val="implementation"/>
        <Attr Name="UsedIn" Val="simulation"/>
      </FileInfo>
    </File>
    <File Path="$PSRCDIR/sources_1/imports/Add-Subt/MultiplexTxT.v">
      <FileInfo>
        <Attr Name="ImportPath" Val="$PPRDIR/../../../../Desktop/PRUEBA DESNORM DESLINEALIZAC/PRUEBA DESNORM DESLINEALIZAC.srcs/sources_1/imports/PG UBUNTU/Prueba DESLINEALIZAC/Prueba DESLINEALIZAC.srcs/sources_1/imports/Add-Subt/MultiplexTxT.v"/>
        <Attr Name="ImportTime" Val="1476056350"/>
        <Attr Name="UsedIn" Val="synthesis"/>
        <Attr Name="UsedIn" Val="implementation"/>
        <Attr Name="UsedIn" Val="simulation"/>
      </FileInfo>
    </File>
    <File Path="$PSRCDIR/sources_1/imports/Mult/Comparator_Equal.v">
      <FileInfo>
        <Attr Name="ImportPath" Val="$PPRDIR/../../../../Desktop/PRUEBA DESNORM DESLINEALIZAC/PRUEBA DESNORM DESLINEALIZAC.srcs/sources_1/imports/PG UBUNTU/Prueba DESLINEALIZAC/Prueba DESLINEALIZAC.srcs/sources_1/imports/Mult/Comparator_Equal.v"/>
        <Attr Name="ImportTime" Val="1476056350"/>
        <Attr Name="UsedIn" Val="synthesis"/>
        <Attr Name="UsedIn" Val="implementation"/>
        <Attr Name="UsedIn" Val="simulation"/>
      </FileInfo>
    </File>
    <File Path="$PSRCDIR/sources_1/imports/Mult/multiplier.v">
      <FileInfo>
        <Attr Name="ImportPath" Val="$PPRDIR/../../../../Desktop/PRUEBA DESNORM DESLINEALIZAC/PRUEBA DESNORM DESLINEALIZAC.srcs/sources_1/imports/PG UBUNTU/Prueba DESLINEALIZAC/Prueba DESLINEALIZAC.srcs/sources_1/imports/Mult/multiplier.v"/>
        <Attr Name="ImportTime" Val="1476056350"/>
        <Attr Name="UsedIn" Val="synthesis"/>
        <Attr Name="UsedIn" Val="implementation"/>
        <Attr Name="UsedIn" Val="simulation"/>
      </FileInfo>
    </File>
    <File Path="$PSRCDIR/sources_1/imports/Mult/substractor.v">
      <FileInfo>
        <Attr Name="ImportPath" Val="$PPRDIR/../../../../Desktop/PRUEBA DESNORM DESLINEALIZAC/PRUEBA DESNORM DESLINEALIZAC.srcs/sources_1/imports/PG UBUNTU/Prueba DESLINEALIZAC/Prueba DESLINEALIZAC.srcs/sources_1/imports/Mult/substractor.v"/>
        <Attr Name="ImportTime" Val="1476056350"/>
        <Attr Name="UsedIn" Val="synthesis"/>
        <Attr Name="UsedIn" Val="implementation"/>
        <Attr Name="UsedIn" Val="simulation"/>
      </FileInfo>
    </File>
    <File Path="$PSRCDIR/sources_1/imports/Mult/Deco_Round_Mult.v">
      <FileInfo>
        <Attr Name="ImportPath" Val="$PPRDIR/../../../../Desktop/PRUEBA DESNORM DESLINEALIZAC/PRUEBA DESNORM DESLINEALIZAC.srcs/sources_1/imports/PG UBUNTU/Prueba DESLINEALIZAC/Prueba DESLINEALIZAC.srcs/sources_1/imports/Mult/Deco_Round_Mult.v"/>
        <Attr Name="ImportTime" Val="1476056350"/>
        <Attr Name="UsedIn" Val="synthesis"/>
        <Attr Name="UsedIn" Val="implementation"/>
        <Attr Name="UsedIn" Val="simulation"/>
      </FileInfo>
    </File>
    <File Path="$PSRCDIR/sources_1/imports/Mult/OR_Module.v">
      <FileInfo>
        <Attr Name="ImportPath" Val="$PPRDIR/../../../../Desktop/PRUEBA DESNORM DESLINEALIZAC/PRUEBA DESNORM DESLINEALIZAC.srcs/sources_1/imports/PG UBUNTU/Prueba DESLINEALIZAC/Prueba DESLINEALIZAC.srcs/sources_1/imports/Mult/OR_Module.v"/>
        <Attr Name="ImportTime" Val="1476056350"/>
        <Attr Name="UsedIn" Val="synthesis"/>
        <Attr Name="UsedIn" Val="implementation"/>
        <Attr Name="UsedIn" Val="simulation"/>
      </FileInfo>
    </File>
    <File Path="$PSRCDIR/sources_1/imports/Mult/adder.v">
      <FileInfo>
        <Attr Name="ImportPath" Val="$PPRDIR/../../../../Desktop/PRUEBA DESNORM DESLINEALIZAC/PRUEBA DESNORM DESLINEALIZAC.srcs/sources_1/imports/PG UBUNTU/Prueba DESLINEALIZAC/Prueba DESLINEALIZAC.srcs/sources_1/imports/Mult/adder.v"/>
        <Attr Name="ImportTime" Val="1476056350"/>
        <Attr Name="UsedIn" Val="synthesis"/>
        <Attr Name="UsedIn" Val="implementation"/>
        <Attr Name="UsedIn" Val="simulation"/>
      </FileInfo>
    </File>
    <File Path="$PSRCDIR/sources_1/imports/Mult/RegisterMult.v">
      <FileInfo>
        <Attr Name="ImportPath" Val="$PPRDIR/../../../../Desktop/PRUEBA DESNORM DESLINEALIZAC/PRUEBA DESNORM DESLINEALIZAC.srcs/sources_1/imports/PG UBUNTU/Prueba DESLINEALIZAC/Prueba DESLINEALIZAC.srcs/sources_1/imports/Mult/RegisterMult.v"/>
        <Attr Name="ImportTime" Val="1476056350"/>
        <Attr Name="UsedIn" Val="synthesis"/>
        <Attr Name="UsedIn" Val="implementation"/>
        <Attr Name="UsedIn" Val="simulation"/>
      </FileInfo>
    </File>
    <File Path="$PSRCDIR/sources_1/imports/new/Barrel_shifter.v">
      <FileInfo>
        <Attr Name="ImportPath" Val="$PPRDIR/../../../../Desktop/PRUEBA DESNORM DESLINEALIZAC/PRUEBA DESNORM DESLINEALIZAC.srcs/sources_1/imports/PG UBUNTU/Prueba DESLINEALIZAC/Prueba DESLINEALIZAC.srcs/sources_1/imports/new/Barrel_shifter.v"/>
        <Attr Name="ImportTime" Val="1476056350"/>
        <Attr Name="UsedIn" Val="synthesis"/>
        <Attr Name="UsedIn" Val="implementation"/>
        <Attr Name="UsedIn" Val="simulation"/>
      </FileInfo>
    </File>
    <File Path="$PSRCDIR/sources_1/imports/Add-Subt/LZD.v">
      <FileInfo>
        <Attr Name="ImportPath" Val="$PPRDIR/../../../../Desktop/PRUEBA DESNORM DESLINEALIZAC/PRUEBA DESNORM DESLINEALIZAC.srcs/sources_1/imports/PG UBUNTU/Prueba DESLINEALIZAC/Prueba DESLINEALIZAC.srcs/sources_1/imports/Add-Subt/LZD.v"/>
        <Attr Name="ImportTime" Val="1476056350"/>
        <Attr Name="UsedIn" Val="synthesis"/>
        <Attr Name="UsedIn" Val="implementation"/>
        <Attr Name="UsedIn" Val="simulation"/>
      </FileInfo>
    </File>
    <File Path="$PSRCDIR/sources_1/imports/Add-Subt/exp_operation.v">
      <FileInfo>
        <Attr Name="ImportPath" Val="$PPRDIR/../../../../Desktop/PRUEBA DESNORM DESLINEALIZAC/PRUEBA DESNORM DESLINEALIZAC.srcs/sources_1/imports/PG UBUNTU/Prueba DESLINEALIZAC/Prueba DESLINEALIZAC.srcs/sources_1/imports/Add-Subt/exp_operation.v"/>
        <Attr Name="ImportTime" Val="1476056350"/>
        <Attr Name="UsedIn" Val="synthesis"/>
        <Attr Name="UsedIn" Val="implementation"/>
        <Attr Name="UsedIn" Val="simulation"/>
      </FileInfo>
    </File>
    <File Path="$PSRCDIR/sources_1/imports/Add-Subt/Tenth_Phase.v">
      <FileInfo>
        <Attr Name="ImportPath" Val="$PPRDIR/../../../../Desktop/PRUEBA DESNORM DESLINEALIZAC/PRUEBA DESNORM DESLINEALIZAC.srcs/sources_1/imports/PG UBUNTU/Prueba DESLINEALIZAC/Prueba DESLINEALIZAC.srcs/sources_1/imports/Add-Subt/Tenth_Phase.v"/>
        <Attr Name="ImportTime" Val="1476056350"/>
        <Attr Name="UsedIn" Val="synthesis"/>
        <Attr Name="UsedIn" Val="implementation"/>
        <Attr Name="UsedIn" Val="simulation"/>
      </FileInfo>
    </File>
    <File Path="$PSRCDIR/sources_1/imports/Add-Subt/Add_Subt.v">
      <FileInfo>
        <Attr Name="ImportPath" Val="$PPRDIR/../../../../Desktop/PRUEBA DESNORM DESLINEALIZAC/PRUEBA DESNORM DESLINEALIZAC.srcs/sources_1/imports/PG UBUNTU/Prueba DESLINEALIZAC/Prueba DESLINEALIZAC.srcs/sources_1/imports/Add-Subt/Add_Subt.v"/>
        <Attr Name="ImportTime" Val="1476056350"/>
        <Attr Name="UsedIn" Val="synthesis"/>
        <Attr Name="UsedIn" Val="implementation"/>
        <Attr Name="UsedIn" Val="simulation"/>
      </FileInfo>
    </File>
    <File Path="$PSRCDIR/sources_1/imports/Add-Subt/FSM_Add_Subtract.v">
      <FileInfo>
        <Attr Name="ImportPath" Val="$PPRDIR/../../../../Desktop/PRUEBA DESNORM DESLINEALIZAC/PRUEBA DESNORM DESLINEALIZAC.srcs/sources_1/imports/PG UBUNTU/Prueba DESLINEALIZAC/Prueba DESLINEALIZAC.srcs/sources_1/imports/Add-Subt/FSM_Add_Subtract.v"/>
        <Attr Name="ImportTime" Val="1476056350"/>
        <Attr Name="UsedIn" Val="synthesis"/>
        <Attr Name="UsedIn" Val="implementation"/>
        <Attr Name="UsedIn" Val="simulation"/>
      </FileInfo>
    </File>
    <File Path="$PSRCDIR/sources_1/imports/Add-Subt/Round_Sgf_Dec.v">
      <FileInfo>
        <Attr Name="ImportPath" Val="$PPRDIR/../../../../Desktop/PRUEBA DESNORM DESLINEALIZAC/PRUEBA DESNORM DESLINEALIZAC.srcs/sources_1/imports/PG UBUNTU/Prueba DESLINEALIZAC/Prueba DESLINEALIZAC.srcs/sources_1/imports/Add-Subt/Round_Sgf_Dec.v"/>
        <Attr Name="ImportTime" Val="1476056350"/>
        <Attr Name="UsedIn" Val="synthesis"/>
        <Attr Name="UsedIn" Val="implementation"/>
        <Attr Name="UsedIn" Val="simulation"/>
      </FileInfo>
    </File>
    <File Path="$PSRCDIR/sources_1/imports/Add-Subt/Oper_Start_In.v">
      <FileInfo>
        <Attr Name="ImportPath" Val="$PPRDIR/../../../../Desktop/PRUEBA DESNORM DESLINEALIZAC/PRUEBA DESNORM DESLINEALIZAC.srcs/sources_1/imports/PG UBUNTU/Prueba DESLINEALIZAC/Prueba DESLINEALIZAC.srcs/sources_1/imports/Add-Subt/Oper_Start_In.v"/>
        <Attr Name="ImportTime" Val="1476056350"/>
        <Attr Name="UsedIn" Val="synthesis"/>
        <Attr Name="UsedIn" Val="implementation"/>
        <Attr Name="UsedIn" Val="simulation"/>
      </FileInfo>
    </File>
    <File Path="$PSRCDIR/sources_1/imports/Mult/Barrel_Shifter_M.v">
      <FileInfo>
        <Attr Name="ImportPath" Val="$PPRDIR/../../../../Desktop/PRUEBA DESNORM DESLINEALIZAC/PRUEBA DESNORM DESLINEALIZAC.srcs/sources_1/imports/PG UBUNTU/Prueba DESLINEALIZAC/Prueba DESLINEALIZAC.srcs/sources_1/imports/Mult/Barrel_Shifter_M.v"/>
        <Attr Name="ImportTime" Val="1476056350"/>
        <Attr Name="UsedIn" Val="synthesis"/>
        <Attr Name="UsedIn" Val="implementation"/>
        <Attr Name="UsedIn" Val="simulation"/>
      </FileInfo>
    </File>
    <File Path="$PSRCDIR/sources_1/imports/Mult/FSM_Mult_Function.v">
      <FileInfo>
        <Attr Name="ImportPath" Val="$PPRDIR/../../../../Desktop/PRUEBA DESNORM DESLINEALIZAC/PRUEBA DESNORM DESLINEALIZAC.srcs/sources_1/imports/PG UBUNTU/Prueba DESLINEALIZAC/Prueba DESLINEALIZAC.srcs/sources_1/imports/Mult/FSM_Mult_Function.v"/>
        <Attr Name="ImportTime" Val="1476056350"/>
        <Attr Name="UsedIn" Val="synthesis"/>
        <Attr Name="UsedIn" Val="implementation"/>
        <Attr Name="UsedIn" Val="simulation"/>
      </FileInfo>
    </File>
    <File Path="$PSRCDIR/sources_1/imports/Mult/Zero_InfMult_Unit.v">
      <FileInfo>
        <Attr Name="ImportPath" Val="$PPRDIR/../../../../Desktop/PRUEBA DESNORM DESLINEALIZAC/PRUEBA DESNORM DESLINEALIZAC.srcs/sources_1/imports/PG UBUNTU/Prueba DESLINEALIZAC/Prueba DESLINEALIZAC.srcs/sources_1/imports/Mult/Zero_InfMult_Unit.v"/>
        <Attr Name="ImportTime" Val="1476056350"/>
        <Attr Name="UsedIn" Val="synthesis"/>
        <Attr Name="UsedIn" Val="implementation"/>
        <Attr Name="UsedIn" Val="simulation"/>
      </FileInfo>
    </File>
    <File Path="$PSRCDIR/sources_1/imports/Mult/Sgf_Multiplication.v">
      <FileInfo>
        <Attr Name="ImportPath" Val="$PPRDIR/../../../../Desktop/PRUEBA DESNORM DESLINEALIZAC/PRUEBA DESNORM DESLINEALIZAC.srcs/sources_1/imports/PG UBUNTU/Prueba DESLINEALIZAC/Prueba DESLINEALIZAC.srcs/sources_1/imports/Mult/Sgf_Multiplication.v"/>
        <Attr Name="ImportTime" Val="1476056350"/>
        <Attr Name="UsedIn" Val="synthesis"/>
        <Attr Name="UsedIn" Val="implementation"/>
        <Attr Name="UsedIn" Val="simulation"/>
      </FileInfo>
    </File>
    <File Path="$PSRCDIR/sources_1/imports/Mult/Adder_Round.v">
      <FileInfo>
        <Attr Name="ImportPath" Val="$PPRDIR/../../../../Desktop/PRUEBA DESNORM DESLINEALIZAC/PRUEBA DESNORM DESLINEALIZAC.srcs/sources_1/imports/PG UBUNTU/Prueba DESLINEALIZAC/Prueba DESLINEALIZAC.srcs/sources_1/imports/Mult/Adder_Round.v"/>
        <Attr Name="ImportTime" Val="1476056350"/>
        <Attr Name="UsedIn" Val="synthesis"/>
        <Attr Name="UsedIn" Val="implementation"/>
        <Attr Name="UsedIn" Val="simulation"/>
      </FileInfo>
    </File>
    <File Path="$PSRCDIR/sources_1/imports/Mult/XOR_M.v">
      <FileInfo>
        <Attr Name="ImportPath" Val="$PPRDIR/../../../../Desktop/PRUEBA DESNORM DESLINEALIZAC/PRUEBA DESNORM DESLINEALIZAC.srcs/sources_1/imports/PG UBUNTU/Prueba DESLINEALIZAC/Prueba DESLINEALIZAC.srcs/sources_1/imports/Mult/XOR_M.v"/>
        <Attr Name="ImportTime" Val="1476056350"/>
        <Attr Name="UsedIn" Val="synthesis"/>
        <Attr Name="UsedIn" Val="implementation"/>
        <Attr Name="UsedIn" Val="simulation"/>
      </FileInfo>
    </File>
    <File Path="$PSRCDIR/sources_1/imports/Mult/Round_decoder_M.v">
      <FileInfo>
        <Attr Name="ImportPath" Val="$PPRDIR/../../../../Desktop/PRUEBA DESNORM DESLINEALIZAC/PRUEBA DESNORM DESLINEALIZAC.srcs/sources_1/imports/PG UBUNTU/Prueba DESLINEALIZAC/Prueba DESLINEALIZAC.srcs/sources_1/imports/Mult/Round_decoder_M.v"/>
        <Attr Name="ImportTime" Val="1476056350"/>
        <Attr Name="UsedIn" Val="synthesis"/>
        <Attr Name="UsedIn" Val="implementation"/>
        <Attr Name="UsedIn" Val="simulation"/>
      </FileInfo>
    </File>
    <File Path="$PSRCDIR/sources_1/imports/Mult/Exp_operation_m.v">
      <FileInfo>
        <Attr Name="ImportPath" Val="$PPRDIR/../../../../Desktop/PRUEBA DESNORM DESLINEALIZAC/PRUEBA DESNORM DESLINEALIZAC.srcs/sources_1/imports/PG UBUNTU/Prueba DESLINEALIZAC/Prueba DESLINEALIZAC.srcs/sources_1/imports/Mult/Exp_operation_m.v"/>
        <Attr Name="ImportTime" Val="1476056350"/>
        <Attr Name="UsedIn" Val="synthesis"/>
        <Attr Name="UsedIn" Val="implementation"/>
        <Attr Name="UsedIn" Val="simulation"/>
      </FileInfo>
    </File>
    <File Path="$PSRCDIR/sources_1/imports/Mult/First_Phase_M.v">
      <FileInfo>
        <Attr Name="ImportPath" Val="$PPRDIR/../../../../Desktop/PRUEBA DESNORM DESLINEALIZAC/PRUEBA DESNORM DESLINEALIZAC.srcs/sources_1/imports/PG UBUNTU/Prueba DESLINEALIZAC/Prueba DESLINEALIZAC.srcs/sources_1/imports/Mult/First_Phase_M.v"/>
        <Attr Name="ImportTime" Val="1476056350"/>
        <Attr Name="UsedIn" Val="synthesis"/>
        <Attr Name="UsedIn" Val="implementation"/>
        <Attr Name="UsedIn" Val="simulation"/>
      </FileInfo>
    </File>
    <File Path="$PSRCDIR/sources_1/imports/new/FF_D.v">
      <FileInfo>
        <Attr Name="ImportPath" Val="$PPRDIR/../../../../Desktop/PRUEBA DESNORM DESLINEALIZAC/PRUEBA DESNORM DESLINEALIZAC.srcs/sources_1/imports/PG UBUNTU/Prueba DESLINEALIZAC/Prueba DESLINEALIZAC.srcs/sources_1/imports/new/FF_D.v"/>
        <Attr Name="ImportTime" Val="1476056350"/>
        <Attr Name="UsedIn" Val="synthesis"/>
        <Attr Name="UsedIn" Val="implementation"/>
        <Attr Name="UsedIn" Val="simulation"/>
      </FileInfo>
    </File>
    <File Path="$PSRCDIR/sources_1/imports/new/Comparador_Mayor.v">
      <FileInfo>
        <Attr Name="ImportPath" Val="$PPRDIR/../../../../Desktop/PRUEBA DESNORM DESLINEALIZAC/PRUEBA DESNORM DESLINEALIZAC.srcs/sources_1/imports/new/Comparador_Mayor.v"/>
        <Attr Name="ImportTime" Val="1468036288"/>
        <Attr Name="UsedIn" Val="synthesis"/>
        <Attr Name="UsedIn" Val="implementation"/>
        <Attr Name="UsedIn" Val="simulation"/>
      </FileInfo>
    </File>
    <File Path="$PSRCDIR/sources_1/imports/new/Mux_2x1_8Bits.v">
      <FileInfo>
        <Attr Name="ImportPath" Val="$PPRDIR/../../../../Desktop/PRUEBA DESNORM DESLINEALIZAC/PRUEBA DESNORM DESLINEALIZAC.srcs/sources_1/imports/new/Mux_2x1_8Bits.v"/>
        <Attr Name="ImportTime" Val="1457569476"/>
        <Attr Name="UsedIn" Val="synthesis"/>
        <Attr Name="UsedIn" Val="implementation"/>
        <Attr Name="UsedIn" Val="simulation"/>
      </FileInfo>
    </File>
    <File Path="$PSRCDIR/sources_1/imports/new/ADDT_8Bits.v">
      <FileInfo>
        <Attr Name="ImportPath" Val="$PPRDIR/../../../../Desktop/PRUEBA DESNORM DESLINEALIZAC/PRUEBA DESNORM DESLINEALIZAC.srcs/sources_1/imports/new/ADDT_8Bits.v"/>
        <Attr Name="ImportTime" Val="1467514084"/>
        <Attr Name="UsedIn" Val="synthesis"/>
        <Attr Name="UsedIn" Val="implementation"/>
        <Attr Name="UsedIn" Val="simulation"/>
      </FileInfo>
    </File>
    <File Path="$PSRCDIR/sources_1/imports/new/Complement.v">
      <FileInfo>
        <Attr Name="ImportPath" Val="$PPRDIR/../../../../Desktop/PRUEBA DESNORM DESLINEALIZAC/PRUEBA DESNORM DESLINEALIZAC.srcs/sources_1/imports/new/Complement.v"/>
        <Attr Name="ImportTime" Val="1467509894"/>
        <Attr Name="UsedIn" Val="synthesis"/>
        <Attr Name="UsedIn" Val="implementation"/>
        <Attr Name="UsedIn" Val="simulation"/>
      </FileInfo>
    </File>
    <File Path="$PSRCDIR/sources_1/imports/new/Priority_Encoder.v">
      <FileInfo>
        <Attr Name="ImportPath" Val="$PPRDIR/../../../../Desktop/PRUEBA DESNORM DESLINEALIZAC/PRUEBA DESNORM DESLINEALIZAC.srcs/sources_1/imports/new/Priority_Encoder.v"/>
        <Attr Name="ImportTime" Val="1470105020"/>
        <Attr Name="UsedIn" Val="synthesis"/>
        <Attr Name="UsedIn" Val="implementation"/>
        <Attr Name="UsedIn" Val="simulation"/>
      </FileInfo>
    </File>
    <File Path="$PSRCDIR/sources_1/imports/new/S_SUBT.v">
      <FileInfo>
        <Attr Name="ImportPath" Val="$PPRDIR/../../../../Desktop/PRUEBA DESNORM DESLINEALIZAC/PRUEBA DESNORM DESLINEALIZAC.srcs/sources_1/imports/PG UBUNTU/Prueba DESLINEALIZAC/Prueba DESLINEALIZAC.srcs/sources_1/imports/new/S_SUBT.v"/>
        <Attr Name="ImportTime" Val="1476056350"/>
        <Attr Name="UsedIn" Val="synthesis"/>
        <Attr Name="UsedIn" Val="implementation"/>
        <Attr Name="UsedIn" Val="simulation"/>
      </FileInfo>
    </File>
    <File Path="$PSRCDIR/sources_1/imports/new/Mux_2x1_32Bits.v">
      <FileInfo>
        <Attr Name="ImportPath" Val="$PPRDIR/../../../../Desktop/PRUEBA DESNORM DESLINEALIZAC/PRUEBA DESNORM DESLINEALIZAC.srcs/sources_1/imports/new/Mux_2x1_32Bits.v"/>
        <Attr Name="ImportTime" Val="1467516296"/>
        <Attr Name="UsedIn" Val="synthesis"/>
        <Attr Name="UsedIn" Val="implementation"/>
        <Attr Name="UsedIn" Val="simulation"/>
      </FileInfo>
    </File>
    <File Path="$PSRCDIR/sources_1/imports/new/LUT_Z.v">
      <FileInfo>
        <Attr Name="ImportPath" Val="$PPRDIR/../../../../Desktop/PRUEBA DESNORM DESLINEALIZAC/PRUEBA DESNORM DESLINEALIZAC.srcs/sources_1/imports/PG UBUNTU/Prueba DESLINEALIZAC/Prueba DESLINEALIZAC.srcs/sources_1/imports/new/LUT_Z.v"/>
        <Attr Name="ImportTime" Val="1476056350"/>
        <Attr Name="UsedIn" Val="synthesis"/>
        <Attr Name="UsedIn" Val="implementation"/>
        <Attr Name="UsedIn" Val="simulation"/>
      </FileInfo>
    </File>
    <File Path="$PSRCDIR/sources_1/imports/new/Mux_2x1_23Bits.v">
      <FileInfo>
        <Attr Name="ImportPath" Val="$PPRDIR/../../../../Desktop/PRUEBA DESNORM DESLINEALIZAC/PRUEBA DESNORM DESLINEALIZAC.srcs/sources_1/imports/PG UBUNTU/Prueba DESLINEALIZAC/Prueba DESLINEALIZAC.srcs/sources_1/imports/new/Mux_2x1_23Bits.v"/>
        <Attr Name="ImportTime" Val="1476056350"/>
        <Attr Name="UsedIn" Val="synthesis"/>
        <Attr Name="UsedIn" Val="implementation"/>
        <Attr Name="UsedIn" Val="simulation"/>
      </FileInfo>
    </File>
    <File Path="$PSRCDIR/sources_1/imports/new/Mux_3x1_23Bits.v">
      <FileInfo>
        <Attr Name="ImportPath" Val="$PPRDIR/../../../../Desktop/PRUEBA DESNORM DESLINEALIZAC/PRUEBA DESNORM DESLINEALIZAC.srcs/sources_1/imports/PG UBUNTU/Prueba DESLINEALIZAC/Prueba DESLINEALIZAC.srcs/sources_1/imports/new/Mux_3x1_23Bits.v"/>
        <Attr Name="ImportTime" Val="1476056350"/>
        <Attr Name="UsedIn" Val="synthesis"/>
        <Attr Name="UsedIn" Val="implementation"/>
        <Attr Name="UsedIn" Val="simulation"/>
      </FileInfo>
    </File>
    <File Path="$PSRCDIR/sources_1/imports/new/Mux_2x1.v">
      <FileInfo>
        <Attr Name="ImportPath" Val="$PPRDIR/../../../../Desktop/PRUEBA DESNORM DESLINEALIZAC/PRUEBA DESNORM DESLINEALIZAC.srcs/sources_1/imports/PG UBUNTU/Prueba DESLINEALIZAC/Prueba DESLINEALIZAC.srcs/sources_1/imports/new/Mux_2x1.v"/>
        <Attr Name="ImportTime" Val="1476056350"/>
        <Attr Name="UsedIn" Val="synthesis"/>
        <Attr Name="UsedIn" Val="implementation"/>
        <Attr Name="UsedIn" Val="simulation"/>
      </FileInfo>
    </File>
    <File Path="$PSRCDIR/sources_1/imports/new/LUT_SHIFT.v">
      <FileInfo>
        <Attr Name="ImportPath" Val="$PPRDIR/../../../../Desktop/PRUEBA DESNORM DESLINEALIZAC/PRUEBA DESNORM DESLINEALIZAC.srcs/sources_1/imports/PG UBUNTU/Prueba DESLINEALIZAC/Prueba DESLINEALIZAC.srcs/sources_1/imports/new/LUT_SHIFT.v"/>
        <Attr Name="ImportTime" Val="1476056350"/>
        <Attr Name="UsedIn" Val="synthesis"/>
        <Attr Name="UsedIn" Val="implementation"/>
        <Attr Name="UsedIn" Val="simulation"/>
      </FileInfo>
    </File>
    <File Path="$PSRCDIR/sources_1/imports/new/COUNTER_5B.v">
      <FileInfo>
        <Attr Name="ImportPath" Val="$PPRDIR/../../../../Desktop/PRUEBA DESNORM DESLINEALIZAC/PRUEBA DESNORM DESLINEALIZAC.srcs/sources_1/imports/PG UBUNTU/Prueba DESLINEALIZAC/Prueba DESLINEALIZAC.srcs/sources_1/imports/new/COUNTER_5B.v"/>
        <Attr Name="ImportTime" Val="1476056350"/>
        <Attr Name="UsedIn" Val="synthesis"/>
        <Attr Name="UsedIn" Val="implementation"/>
        <Attr Name="UsedIn" Val="simulation"/>
      </FileInfo>
    </File>
    <File Path="$PSRCDIR/sources_1/imports/new/SIGN.v">
      <FileInfo>
        <Attr Name="ImportPath" Val="$PPRDIR/../../../../Desktop/PRUEBA DESNORM DESLINEALIZAC/PRUEBA DESNORM DESLINEALIZAC.srcs/sources_1/imports/PG UBUNTU/Prueba DESLINEALIZAC/Prueba DESLINEALIZAC.srcs/sources_1/imports/new/SIGN.v"/>
        <Attr Name="ImportTime" Val="1476056350"/>
        <Attr Name="UsedIn" Val="synthesis"/>
        <Attr Name="UsedIn" Val="implementation"/>
        <Attr Name="UsedIn" Val="simulation"/>
      </FileInfo>
    </File>
    <File Path="$PSRCDIR/sources_1/imports/Add-Subt/FPU_Add_Subtract_Function.v">
      <FileInfo>
        <Attr Name="ImportPath" Val="$PPRDIR/../../../../Desktop/PRUEBA DESNORM DESLINEALIZAC/PRUEBA DESNORM DESLINEALIZAC.srcs/sources_1/imports/PG UBUNTU/Prueba DESLINEALIZAC/Prueba DESLINEALIZAC.srcs/sources_1/imports/Add-Subt/FPU_Add_Subtract_Function.v"/>
        <Attr Name="ImportTime" Val="1476056350"/>
        <Attr Name="UsedIn" Val="synthesis"/>
        <Attr Name="UsedIn" Val="implementation"/>
        <Attr Name="UsedIn" Val="simulation"/>
      </FileInfo>
    </File>
    <File Path="$PSRCDIR/sources_1/imports/Mult/FPU_Multiplication_Function.v">
      <FileInfo>
        <Attr Name="ImportPath" Val="$PPRDIR/../../../../Desktop/PRUEBA DESNORM DESLINEALIZAC/PRUEBA DESNORM DESLINEALIZAC.srcs/sources_1/imports/PG UBUNTU/Prueba DESLINEALIZAC/Prueba DESLINEALIZAC.srcs/sources_1/imports/Mult/FPU_Multiplication_Function.v"/>
        <Attr Name="ImportTime" Val="1476056350"/>
        <Attr Name="UsedIn" Val="synthesis"/>
        <Attr Name="UsedIn" Val="implementation"/>
        <Attr Name="UsedIn" Val="simulation"/>
      </FileInfo>
    </File>
    <File Path="$PSRCDIR/sources_1/imports/test/Transmisor.v">
      <FileInfo>
        <Attr Name="ImportPath" Val="$PPRDIR/../../../../Documents/PG/TEST_DESLINEALIZ_3Sum/TEST_DESLINEALIZ.srcs/sources_1/imports/test/Transmisor.v"/>
        <Attr Name="ImportTime" Val="1462202030"/>
        <Attr Name="UsedIn" Val="synthesis"/>
        <Attr Name="UsedIn" Val="implementation"/>
        <Attr Name="UsedIn" Val="simulation"/>
      </FileInfo>
    </File>
    <File Path="$PSRCDIR/sources_1/imports/test/UBuffer.v">
      <FileInfo>
        <Attr Name="ImportPath" Val="$PPRDIR/../../../../Documents/PG/TEST_DESLINEALIZ_3Sum/TEST_DESLINEALIZ.srcs/sources_1/imports/test/UBuffer.v"/>
        <Attr Name="ImportTime" Val="1462202030"/>
        <Attr Name="UsedIn" Val="synthesis"/>
        <Attr Name="UsedIn" Val="implementation"/>
        <Attr Name="UsedIn" Val="simulation"/>
      </FileInfo>
    </File>
    <File Path="$PSRCDIR/sources_1/imports/test/Receptor.v">
      <FileInfo>
        <Attr Name="ImportPath" Val="$PPRDIR/../../../../Documents/PG/TEST_DESLINEALIZ_3Sum/TEST_DESLINEALIZ.srcs/sources_1/imports/test/Receptor.v"/>
        <Attr Name="ImportTime" Val="1462202030"/>
        <Attr Name="UsedIn" Val="synthesis"/>
        <Attr Name="UsedIn" Val="implementation"/>
        <Attr Name="UsedIn" Val="simulation"/>
      </FileInfo>
    </File>
    <File Path="$PSRCDIR/sources_1/imports/new/Coprocesador_CORDIC.v">
      <FileInfo>
        <Attr Name="ImportPath" Val="$PPRDIR/../../../../Desktop/PRUEBA DESNORM DESLINEALIZAC/PRUEBA DESNORM DESLINEALIZAC.srcs/sources_1/imports/PG UBUNTU/Prueba DESLINEALIZAC/Prueba DESLINEALIZAC.srcs/sources_1/imports/new/Coprocesador_CORDIC.v"/>
        <Attr Name="ImportTime" Val="1476063232"/>
        <Attr Name="UsedIn" Val="synthesis"/>
        <Attr Name="UsedIn" Val="implementation"/>
        <Attr Name="UsedIn" Val="simulation"/>
      </FileInfo>
    </File>
    <File Path="$PSRCDIR/sources_1/imports/new/FSM_C_CORDIC.v">
      <FileInfo>
        <Attr Name="ImportPath" Val="$PPRDIR/../../../../Desktop/PRUEBA DESNORM DESLINEALIZAC/PRUEBA DESNORM DESLINEALIZAC.srcs/sources_1/imports/PG UBUNTU/Prueba DESLINEALIZAC/Prueba DESLINEALIZAC.srcs/sources_1/imports/new/FSM_C_CORDIC.v"/>
        <Attr Name="ImportTime" Val="1476063534"/>
        <Attr Name="UsedIn" Val="synthesis"/>
        <Attr Name="UsedIn" Val="implementation"/>
        <Attr Name="UsedIn" Val="simulation"/>
      </FileInfo>
    </File>
    <File Path="$PSRCDIR/sources_1/imports/new/FSM_Convert_Fixed_To_Float.v">
      <FileInfo>
        <Attr Name="ImportPath" Val="$PPRDIR/../../../../Desktop/PRUEBA DESNORM DESLINEALIZAC/PRUEBA DESNORM DESLINEALIZAC.srcs/sources_1/imports/new/FSM_Convert_Fixed_To_Float.v"/>
        <Attr Name="ImportTime" Val="1470126640"/>
        <Attr Name="UsedIn" Val="synthesis"/>
        <Attr Name="UsedIn" Val="implementation"/>
        <Attr Name="UsedIn" Val="simulation"/>
      </FileInfo>
    </File>
    <File Path="$PSRCDIR/sources_1/imports/new/Convert_Fixed_To_Float.v">
      <FileInfo>
        <Attr Name="ImportPath" Val="$PPRDIR/../../../../Desktop/PRUEBA DESNORM DESLINEALIZAC/PRUEBA DESNORM DESLINEALIZAC.srcs/sources_1/imports/new/Convert_Fixed_To_Float.v"/>
        <Attr Name="ImportTime" Val="1476066832"/>
        <Attr Name="UsedIn" Val="synthesis"/>
        <Attr Name="UsedIn" Val="implementation"/>
        <Attr Name="UsedIn" Val="simulation"/>
      </FileInfo>
    </File>
    <File Path="$PSRCDIR/sources_1/imports/test/Coun_Baud.v">
      <FileInfo>
        <Attr Name="ImportPath" Val="$PPRDIR/../../../../Documents/PG/TEST_DESLINEALIZ_3Sum/TEST_DESLINEALIZ.srcs/sources_1/imports/test/Coun_Baud.v"/>
        <Attr Name="ImportTime" Val="1462202030"/>
        <Attr Name="UsedIn" Val="synthesis"/>
        <Attr Name="UsedIn" Val="implementation"/>
        <Attr Name="UsedIn" Val="simulation"/>
      </FileInfo>
    </File>
    <File Path="$PSRCDIR/sources_1/imports/test/Transmisor_TX.v">
      <FileInfo>
        <Attr Name="ImportPath" Val="$PPRDIR/../../../../Documents/PG/TEST_DESLINEALIZ_3Sum/TEST_DESLINEALIZ.srcs/sources_1/imports/test/Transmisor_TX.v"/>
        <Attr Name="ImportTime" Val="1462202030"/>
        <Attr Name="UsedIn" Val="synthesis"/>
        <Attr Name="UsedIn" Val="implementation"/>
        <Attr Name="UsedIn" Val="simulation"/>
      </FileInfo>
    </File>
    <File Path="$PSRCDIR/sources_1/imports/test/ReceptorRX.v">
      <FileInfo>
        <Attr Name="ImportPath" Val="$PPRDIR/../../../../Documents/PG/TEST_DESLINEALIZ_3Sum/TEST_DESLINEALIZ.srcs/sources_1/imports/test/ReceptorRX.v"/>
        <Attr Name="ImportTime" Val="1462202030"/>
        <Attr Name="UsedIn" Val="synthesis"/>
        <Attr Name="UsedIn" Val="implementation"/>
        <Attr Name="UsedIn" Val="simulation"/>
      </FileInfo>
    </File>
    <File Path="$PSRCDIR/sources_1/imports/new/I_DESNORM_FIXED_TO_FLOAT.v">
      <FileInfo>
        <Attr Name="ImportPath" Val="$PPRDIR/../../../../Desktop/PRUEBA DESNORM DESLINEALIZAC/PRUEBA DESNORM DESLINEALIZAC.srcs/sources_1/imports/PG UBUNTU/TEST_DESLINEALIZ_3Sum/TEST_DESLINEALIZ.srcs/sources_1/imports/new/I_DESNORM_FIXED_TO_FLOAT.v"/>
        <Attr Name="ImportTime" Val="1470126308"/>
        <Attr Name="UsedIn" Val="synthesis"/>
        <Attr Name="UsedIn" Val="implementation"/>
        <Attr Name="UsedIn" Val="simulation"/>
      </FileInfo>
    </File>
    <File Path="$PSRCDIR/sources_1/imports/new/Deslinealizador.v">
      <FileInfo>
        <Attr Name="ImportPath" Val="$PPRDIR/../../../../Desktop/PRUEBA DESNORM DESLINEALIZAC/PRUEBA DESNORM DESLINEALIZAC.srcs/sources_1/imports/PG UBUNTU/Prueba DESLINEALIZAC/Prueba DESLINEALIZAC.srcs/sources_1/imports/new/Deslinealizador.v"/>
        <Attr Name="ImportTime" Val="1476063422"/>
        <Attr Name="UsedIn" Val="synthesis"/>
        <Attr Name="UsedIn" Val="implementation"/>
        <Attr Name="UsedIn" Val="simulation"/>
      </FileInfo>
    </File>
    <File Path="$PSRCDIR/sources_1/imports/test/FSM_test.v">
      <FileInfo>
        <Attr Name="ImportPath" Val="$PPRDIR/../../../../Documents/PG/TEST_DESLINEALIZ_3Sum/TEST_DESLINEALIZ.srcs/sources_1/imports/test/FSM_test.v"/>
        <Attr Name="ImportTime" Val="1462202030"/>
        <Attr Name="UsedIn" Val="synthesis"/>
        <Attr Name="UsedIn" Val="implementation"/>
        <Attr Name="UsedIn" Val="simulation"/>
      </FileInfo>
    </File>
    <File Path="$PSRCDIR/sources_1/imports/test/Uart.v">
      <FileInfo>
        <Attr Name="ImportPath" Val="$PPRDIR/../../../../Documents/PG/TEST_DESLINEALIZ_3Sum/TEST_DESLINEALIZ.srcs/sources_1/imports/test/Uart.v"/>
        <Attr Name="ImportTime" Val="1462202030"/>
        <Attr Name="UsedIn" Val="synthesis"/>
        <Attr Name="UsedIn" Val="implementation"/>
        <Attr Name="UsedIn" Val="simulation"/>
      </FileInfo>
    </File>
    <File Path="$PSRCDIR/sources_1/imports/test/Mux_8x1.v">
      <FileInfo>
        <Attr Name="ImportPath" Val="$PPRDIR/../../../../Documents/PG/TEST_DESLINEALIZ_3Sum/TEST_DESLINEALIZ.srcs/sources_1/imports/test/Mux_8x1.v"/>
        <Attr Name="ImportTime" Val="1462202030"/>
        <Attr Name="UsedIn" Val="synthesis"/>
        <Attr Name="UsedIn" Val="implementation"/>
        <Attr Name="UsedIn" Val="simulation"/>
      </FileInfo>
    </File>
    <File Path="$PSRCDIR/sources_1/imports/test/cont_test.v">
      <FileInfo>
        <Attr Name="ImportPath" Val="$PPRDIR/../../../../Documents/PG/TEST_DESLINEALIZ_3Sum/TEST_DESLINEALIZ.srcs/sources_1/imports/test/cont_test.v"/>
        <Attr Name="ImportTime" Val="1462202030"/>
        <Attr Name="UsedIn" Val="synthesis"/>
        <Attr Name="UsedIn" Val="implementation"/>
        <Attr Name="UsedIn" Val="simulation"/>
      </FileInfo>
    </File>
    <File Path="$PSRCDIR/sources_1/imports/test/ROM_test.v">
      <FileInfo>
        <Attr Name="ImportPath" Val="$PPRDIR/../../../../Documents/PG/TEST_DESLINEALIZ_3Sum/TEST_DESLINEALIZ.srcs/sources_1/imports/test/ROM_test.v"/>
        <Attr Name="ImportTime" Val="1473699268"/>
        <Attr Name="UsedIn" Val="synthesis"/>
        <Attr Name="UsedIn" Val="implementation"/>
        <Attr Name="UsedIn" Val="simulation"/>
      </FileInfo>
    </File>
    <File Path="$PSRCDIR/sources_1/imports/test/Mux_4x1.v">
      <FileInfo>
        <Attr Name="ImportPath" Val="$PPRDIR/../../../../Documents/PG/TEST_DESLINEALIZ_3Sum/TEST_DESLINEALIZ.srcs/sources_1/imports/test/Mux_4x1.v"/>
        <Attr Name="ImportTime" Val="1462202030"/>
        <Attr Name="UsedIn" Val="synthesis"/>
        <Attr Name="UsedIn" Val="implementation"/>
        <Attr Name="UsedIn" Val="simulation"/>
      </FileInfo>
    </File>
    <File Path="$PSRCDIR/sources_1/imports/new/DESNORMALIZADOR_DESLINEALIZADOR.v">
      <FileInfo>
        <Attr Name="ImportPath" Val="$PPRDIR/../../../../Documents/PG/TEST_DESLINEALIZ_3Sum/TEST_DESLINEALIZ.srcs/sources_1/imports/new/DESNORMALIZADOR_DESLINEALIZADOR.v"/>
        <Attr Name="ImportTime" Val="1473699328"/>
        <Attr Name="UsedIn" Val="synthesis"/>
        <Attr Name="UsedIn" Val="implementation"/>
        <Attr Name="UsedIn" Val="simulation"/>
      </FileInfo>
    </File>
    <File Path="$PSRCDIR/sources_1/imports/test/FPU_UART.v">
      <FileInfo>
        <Attr Name="ImportPath" Val="$PPRDIR/../../../../Documents/PG/TEST_DESLINEALIZ_3Sum/TEST_DESLINEALIZ.srcs/sources_1/imports/test/FPU_UART.v"/>
        <Attr Name="ImportTime" Val="1473699409"/>
        <Attr Name="UsedIn" Val="synthesis"/>
        <Attr Name="UsedIn" Val="implementation"/>
        <Attr Name="UsedIn" Val="simulation"/>
      </FileInfo>
    </File>
    <File Path="$PSRCDIR/sources_1/imports/new/Convert_Fixed_To_Float_V.v">
      <FileInfo>
        <Attr Name="AutoDisabled" Val="1"/>
        <Attr Name="ImportPath" Val="$PPRDIR/../../../../Desktop/PRUEBA DESNORM DESLINEALIZAC/PRUEBA DESNORM DESLINEALIZAC.srcs/sources_1/imports/new/Convert_Fixed_To_Float_V.v"/>
        <Attr Name="ImportTime" Val="1476066864"/>
        <Attr Name="UsedIn" Val="synthesis"/>
        <Attr Name="UsedIn" Val="implementation"/>
        <Attr Name="UsedIn" Val="simulation"/>
      </FileInfo>
    </File>
    <File Path="$PSRCDIR/sources_1/imports/new/V_DESNORM_FIXED_TO_FLOAT.v">
      <FileInfo>
        <Attr Name="AutoDisabled" Val="1"/>
        <Attr Name="ImportPath" Val="$PPRDIR/../../../../Desktop/PRUEBA DESNORM DESLINEALIZAC/PRUEBA DESNORM DESLINEALIZAC.srcs/sources_1/imports/PG UBUNTU/TEST_DESLINEALIZ_3Sum/TEST_DESLINEALIZ.srcs/sources_1/imports/new/V_DESNORM_FIXED_TO_FLOAT.v"/>
        <Attr Name="ImportTime" Val="1470126922"/>
        <Attr Name="UsedIn" Val="synthesis"/>
        <Attr Name="UsedIn" Val="implementation"/>
        <Attr Name="UsedIn" Val="simulation"/>
      </FileInfo>
    </File>
    <Config>
      <Option Name="DesignMode" Val="RTL"/>
      <Option Name="TopModule" Val="FPU_UART"/>
      <Option Name="TopAutoSet" Val="TRUE"/>
    </Config>
  </FileSet>
  <FileSet Name="constrs_in" Type="Constrs" RelSrcDir="$PSRCDIR/constrs_1">
    <Filter Type="Constrs"/>
    <File Path="$PSRCDIR/constrs_1/imports/RTL/Nexys4_Master.xdc">
      <FileInfo>
        <Attr Name="ImportPath" Val="$PPRDIR/../../../../Documents/PG/TEST_DESLINEALIZ_3Sum/TEST_DESLINEALIZ.srcs/constrs_1/imports/RTL/Nexys4_Master.xdc"/>
        <Attr Name="ImportTime" Val="1470328212"/>
        <Attr Name="UsedIn" Val="synthesis"/>
        <Attr Name="UsedIn" Val="implementation"/>
      </FileInfo>
    </File>
    <Config>
      <Option Name="ConstrsType" Val="XDC"/>
    </Config>
  </FileSet>
  <Strategy Version="1" Minor="2">
    <StratHandle Name="Vivado Synthesis Defaults" Flow="Vivado Synthesis 2015"/>
    <Step Id="synth_design"/>
  </Strategy>
</GenRun>
