<?xml version="1.0" encoding="UTF-8" ?>
<document>
<!--The data in this file is primarily intended for consumption by Xilinx tools.
The structure and the elements are likely to change over the next few releases.
This means code written to parse this file will need to be revisited each subsequent release.-->
<application name="pa" timeStamp="Sun Oct 09 20:41:18 2016">
<section name="Project Information" visible="false">
<property name="ProjectID" value="d15de75627614959a32fbb8561b28ed8" type="ProjectID"/>
<property name="ProjectIteration" value="1" type="ProjectIteration"/>
</section>
<section name="PlanAhead Usage" visible="true">
<item name="Project Data">
<property name="SrcSetCount" value="1" type="SrcSetCount"/>
<property name="ConstraintSetCount" value="1" type="ConstraintSetCount"/>
<property name="DesignMode" value="RTL" type="DesignMode"/>
<property name="SynthesisStrategy" value="Vivado Synthesis Defaults" type="SynthesisStrategy"/>
<property name="ImplStrategy" value="Vivado Implementation Defaults" type="ImplStrategy"/>
</item>
<item name="Java Command Handlers">
<property name="AddSources" value="5" type="JavaHandler"/>
<property name="EditDelete" value="2" type="JavaHandler"/>
<property name="RunSynthesis" value="1" type="JavaHandler"/>
</item>
<item name="Gui Resources Info">
<property name="Convert_Fixed_To_Float.v, 107, 114" value="1" type="GuiResourceData"/>
<property name="Convert_Fixed_To_Float.v, 3, 163" value="1" type="GuiResourceData"/>
<property name="Convert_Fixed_To_Float.v, 78, 328" value="1" type="GuiResourceData"/>
<property name="Convert_Fixed_To_Float.v, 88, 228" value="1" type="GuiResourceData"/>
<property name="Convert_Fixed_To_Float_V.v, 1, 317" value="1" type="GuiResourceData"/>
<property name="Convert_Fixed_To_Float_V.v, 110, 385" value="1" type="GuiResourceData"/>
<property name="Convert_Fixed_To_Float_V.v, 77, 483" value="1" type="GuiResourceData"/>
<property name="Convert_Fixed_To_Float_V.v, 78, 351" value="1" type="GuiResourceData"/>
<property name="DESNORMALIZADOR_DESLINEALIZADOR.v, 250, 349" value="1" type="GuiResourceData"/>
<property name="DESNORMALIZADOR_DESLINEALIZADOR.v, 315, 363" value="1" type="GuiResourceData"/>
<property name="DESNORMALIZADOR_DESLINEALIZADOR.v, 435, 419" value="1" type="GuiResourceData"/>
<property name="DESNORMALIZADOR_DESLINEALIZADOR.v, 436, 351" value="1" type="GuiResourceData"/>
<property name="DESNORMALIZADOR_DESLINEALIZADOR.v, 57, 369" value="1" type="GuiResourceData"/>
<property name="Deslinealizador.v, 109, 264" value="1" type="GuiResourceData"/>
<property name="Deslinealizador.v, 465, 125" value="1" type="GuiResourceData"/>
<property name="FINISH, Finish" value="6" type="GuiResourceData"/>
<property name="NEXT, Next " value="5" type="GuiResourceData"/>
<property name="PAResourceAtoD.AddSrcWizard_SPECIFY_SIMULATION_SPECIFIC_HDL_FILES, Add or create simulation sources" value="1" type="GuiResourceData"/>
<property name="PAResourceCommand.PACommandNames_ADD_SOURCES, Add Sources..." value="5" type="GuiResourceData"/>
<property name="PAResourceCommand.PACommandNames_AUTO_UPDATE_HIER, Hierarchy Update" value="6" type="GuiResourceData"/>
<property name="PAResourceEtoH.FileSetPanel_FILE_SET_PANEL_TREE, [root, Design Sources, DESNORMALIZADOR (DESNORMALIZADOR.v" value="2" type="GuiResourceData"/>
<property name="PAResourceEtoH.FileSetPanel_FILE_SET_PANEL_TREE, [root, Design Sources, DESNORMALIZADOR_DESLINEALIZADOR (DESNORMALIZADOR_DESLINEALIZADOR.v" value="92" type="GuiResourceData"/>
<property name="PAResourceEtoH.FileSetPanel_FILE_SET_PANEL_TREE, [root, Design Sources, DESNORMALIZADOR_V (DESNORMALIZADOR_V.v" value="2" type="GuiResourceData"/>
<property name="PAResourceEtoH.FileSetPanel_FILE_SET_PANEL_TREE, [root, Simulation Sources, sim_1, DESNORMALIZADOR_DESLINEALIZADOR (DESNORMALIZADOR_DESLINEALIZADOR.v" value="4" type="GuiResourceData"/>
<property name="PAResourceEtoH.FileSetPanel_FILE_SET_PANEL_TREE, [root, Simulation Sources, sim_1, TB_DESNORMALIZADOR_DESLINEALIZADOR (TB_DESNORMALIZADOR_DESLINEALIZADOR.v" value="2" type="GuiResourceData"/>
<property name="PAResourceEtoH.FileSetPanel_FILE_SET_PANEL_TREE, [root, Simulation Sources, sim_1], 4" value="1" type="GuiResourceData"/>
<property name="PAResourceEtoH.FileSetPanel_FILE_SET_PANEL_TREE, [root, Simulation Sources, sim_1], 9" value="1" type="GuiResourceData"/>
<property name="PAResourceEtoH.FileSetPanel_FILE_SET_PANEL_TREE, [root, Simulation Sources], 3" value="1" type="GuiResourceData"/>
<property name="PAResourceEtoH.FileSetPanel_FILE_SET_PANEL_TREE, [root, Simulation Sources], 8" value="1" type="GuiResourceData"/>
<property name="PAResourceEtoH.FileSetPanel_FILE_SET_PANEL_TREE, [root, Simulation Sources], 8, true" value="1" type="GuiResourceData"/>
<property name="PAResourceEtoH.FlowNavigatorTreePanel_FLOW_NAVIGATOR_TREE, [, Synthesis, Run Synthesis], 17, false" value="1" type="GuiResourceData"/>
<property name="PAResourceOtoP.PAViews_CODE, Code" value="3" type="GuiResourceData"/>
<property name="PAResourceOtoP.PlanAheadTab_SHOW_FLOW_NAVIGATOR, Flow Navigator" value="1" type="GuiResourceData"/>
<property name="PAResourceQtoS.SrcChooserPanel_ADD_HDL_AND_NETLIST_FILES_TO_YOUR_PROJECT, Add Files" value="11" type="GuiResourceData"/>
<property name="PAResourceQtoS.SrcChooserTable_SRC_CHOOSER_TABLE, VerilogSourceFile_small ; 1 ; DESNORMALIZADOR.v ; xil_defaultlib ; C:/Users/jjrojas/Documents/PG UBUNTU/Desnormalizador/Desnormalizador.srcs/sources_1/imports/new, 0, DESNORMALIZADOR.v, 2" value="1" type="GuiResourceData"/>
<property name="PAResourceQtoS.SrcChooserTable_SRC_CHOOSER_TABLE, VerilogSourceFile_small ; 1 ; add_sub_carry_out.v ; xil_defaultlib ; C:/Users/jjrojas/Documents/PG UBUNTU/TEST_DESLINEALIZ_3Sum/TEST_DESLINEALIZ.srcs/sources_1/imports/new, 0, 1, 1" value="1" type="GuiResourceData"/>
<property name="PAResourceQtoS.SrcMenu_IP_HIERARCHY, IP Hierarchy" value="5" type="GuiResourceData"/>
<property name="RDIResource.AbstractCombinedPanel_REMOVE_SELECTED_ELEMENTS, Remove" value="2" type="GuiResourceData"/>
<property name="RDIResource.BaseDialog_OK, OK" value="2" type="GuiResourceData"/>
<property name="RDIResourceCommand.RDICommands_DELETE, Remove File from Project..." value="2" type="GuiResourceData"/>
<property name="TB_DESNORMALIZADOR_DESLINEALIZADOR.v, 125, 199" value="1" type="GuiResourceData"/>
<property name="TB_DESNORMALIZADOR_DESLINEALIZADOR.v, 127, 198" value="1" type="GuiResourceData"/>
<property name="TB_DESNORMALIZADOR_DESLINEALIZADOR.v, 139, 199" value="1" type="GuiResourceData"/>
<property name="TB_DESNORMALIZADOR_DESLINEALIZADOR.v, 197, 315" value="1" type="GuiResourceData"/>
<property name="TB_DESNORMALIZADOR_DESLINEALIZADOR.v, 230, 161" value="1" type="GuiResourceData"/>
<property name="TB_DESNORMALIZADOR_DESLINEALIZADOR.v, 315, 286" value="1" type="GuiResourceData"/>
</item>
<item name="Other">
<property name="GuiMode" value="51" type="GuiMode"/>
<property name="BatchMode" value="0" type="BatchMode"/>
<property name="TclMode" value="46" type="TclMode"/>
</item>
</section>
</application>
</document>
